run_id,keyword_id,category,keyword,youtube_id,title,channel_title,published_at,view_count,like_count,comment_count,thumbnail_url,collected_at
1,1,기후,날씨,wdvqb_PJNXI,"[날씨] 낮부터 기온 쑥↑, 서울 15도…주말까지 포근한 봄 날씨 / KBS  2026.02.25.",KBS News,2026-02-25 12:34,4839,232,18,https://i.ytimg.com/vi/wdvqb_PJNXI/hqdefault.jpg,2026-02-25 18:21
1,1,기후,날씨,QEvgYaUd0Mw,[날씨] 낮 기온 15도 안팎으로 포근…일교차 매우 커 / KBS  2026.02.25.,KBS News,2026-02-25 06:45,6244,179,11,https://i.ytimg.com/vi/QEvgYaUd0Mw/hqdefault.jpg,2026-02-25 18:21
1,1,기후,날씨,7vrg5P1CzD0,"[날씨] 밤까지 곳곳 눈비…내일 한낮 포근, 일교차 커 / 연합뉴스TV (YonhapnewsTV)",연합뉴스TV,2026-02-24 17:36,5353,126,6,https://i.ytimg.com/vi/7vrg5P1CzD0/hqdefault.jpg,2026-02-25 18:21
1,2,기후,울산날씨,yvJAfT1u82I,2026년 1월 28일 (수) 오늘의 울산날씨,울산MBC뉴스,2026-01-28 08:28,682,0,0,https://i.ytimg.com/vi/yvJAfT1u82I/hqdefault.jpg,2026-02-25 18:21
1,2,기후,울산날씨,EHRQZAIRpwE,2026년 2월 11일 (수) 오늘의 울산날씨,울산MBC뉴스,2026-02-11 08:59,577,0,0,https://i.ytimg.com/vi/EHRQZAIRpwE/hqdefault.jpg,2026-02-25 18:21
1,2,기후,울산날씨,QoCCwWitxrU,2026년 1월 26일 (월) 오늘의 울산날씨,울산MBC뉴스,2026-01-26 08:47,5939,0,0,https://i.ytimg.com/vi/QoCCwWitxrU/hqdefault.jpg,2026-02-25 18:21
1,3,기후,강풍 경보,wXEUE1cWfNU,"인천·경기 서남부 강풍경보 격상…""서 있기 힘들 정도"" / 연합뉴스TV (YonhapnewsTV)",연합뉴스TV,2026-01-10 15:11,45076,144,31,https://i.ytimg.com/vi/wXEUE1cWfNU/hqdefault.jpg,2026-02-25 18:21
1,3,기후,강풍 경보,jkFp4RQIeTU,전국에 강풍 경보·주의보...제보로 본 피해 상황 / YTN, YTN,2026-01-10 18:02,2964,16,0,https://i.ytimg.com/vi/jkFp4RQIeTU/hqdefault.jpg,2026-02-25 18:21
1,3,기후,강풍 경보,iad11uP0Bco,"""눈 걱정하다 바람에 날아가게 생겼음"" 수도권 전역 강풍주의보…순간풍속 시속 70㎞｜한파주의보 함께 내려지며 체감온도 낮아 [현장쏙] / 연합뉴스TV(YonhapnewsTV)",연합뉴스TV,2026-01-10 23:52,61842,269,2,https://i.ytimg.com/vi/iad11uP0Bco/hqdefault.jpg,2026-02-25 18:21
1,4,기후,부산날씨,ZgHLB88OADo,[날씨] 부산 내일 종일 ‘쌀쌀’…낮 최고 10도 / KBS  2026.02.23.,KBS 뉴스 부산,2026-02-23 20:26,899,15,2,https://i.ytimg.com/vi/ZgHLB88OADo/hqdefault.jpg,2026-02-25 18:21
1,4,기후,부산날씨,_fN3W26Ckcc,[날씨] 부산 내일 낮 최고 15도…건조·강풍 주의 / KBS  2026.01.14.,KBS 뉴스 부산,2026-01-14 20:16,508,14,6,https://i.ytimg.com/vi/_fN3W26Ckcc/hqdefault.jpg,2026-02-25 18:21
1,4,기후,부산날씨,b5G3KteoOqE,[날씨] 부산 내일 평년보다 온화…오후부터 5~20mm 비 / KBS  2025.12.22.,KBS 뉴스 부산,2025-12-22 20:51,972,21,2,https://i.ytimg.com/vi/b5G3KteoOqE/hqdefault.jpg,2026-02-25 18:21
1,4,기후,부산날씨,m0K2hJaY-70,[자막뉴스] 4월 기온됐다 다음 주엔 갑자기...'롤러코스터' 날씨 전망 / YTN, YTN,2026-02-20 20:22,20996,78,14,https://i.ytimg.com/vi/m0K2hJaY-70/hqdefault.jpg,2026-02-25 18:21
1,4,기후,부산날씨,A0T8vW4zfmI,[날씨] 부산 한낮 20도 안팎…내일도 일교차 주의 / KBS  2025.10.23.,KBS 뉴스 부산,2025-10-23 20:23,553,13,1,https://i.ytimg.com/vi/A0T8vW4zfmI/hqdefault.jpg,2026-02-25 18:21
1,4,기후,부산날씨,sqifiKtgjdg,"[날씨] 내일 절기 대한, 부산 기온 ‘뚝’…이번 주 최강 한파 / KBS  2026.01.19.",KBS 뉴스 부산,2026-01-19 20:13,540,13,2,https://i.ytimg.com/vi/sqifiKtgjdg/hqdefault.jpg,2026-02-25 18:21
1,4,기후,부산날씨,tKy6XAIhEz4,[날씨] 부산 내일 아침 기온 ‘껑충’…낮 동안 스치듯 비 / KBS  2026.02.09.,KBS 뉴스 부산,2026-02-09 19:56,1024,20,4,https://i.ytimg.com/vi/tKy6XAIhEz4/hqdefault.jpg,2026-02-25 18:21
1,4,기후,부산날씨,8ssg_L5OZI0,[날씨] 부산 내일 다시 추위 시작…미세먼지 나쁨 / KBS  2026.02.05.,KBS 뉴스 부산,2026-02-05 20:30,732,20,4,https://i.ytimg.com/vi/8ssg_L5OZI0/hqdefault.jpg,2026-02-25 18:21
1,4,기후,부산날씨,g_67UYkKpBI,[날씨] 부산 오늘보다 내일 더 추워…대기 건조 장기화 / KBS  2026.01.27.,KBS 뉴스 부산,2026-01-27 20:28,620,14,2,https://i.ytimg.com/vi/g_67UYkKpBI/hqdefault.jpg,2026-02-25 18:21
1,4,기후,부산날씨,yzlV-ekMBU8,봄꽃 피고 해변도 북적...두달 앞선 계절 '내일 서울 17℃' / YTN, YTN,2026-02-20 19:57,2915,20,3,https://i.ytimg.com/vi/yzlV-ekMBU8/hqdefault.jpg,2026-02-25 18:21
1,4,기후,부산날씨,JW1FiEUKqTQ,"부산·경남 구름 많은 날씨, 바람 강하게 불어 한파 주의 / KNN",KNN NEWS,2026-02-06 21:50,755,10,2,https://i.ytimg.com/vi/JW1FiEUKqTQ/hqdefault.jpg,2026-02-25 18:21
1,4,기후,부산날씨,qxt-tmz05Lo,내일 아침 부산·경남 대체로 흐린 날씨 / KNN,KNN NEWS,2025-12-19 21:50,792,9,2,https://i.ytimg.com/vi/qxt-tmz05Lo/hqdefault.jpg,2026-02-25 18:21
1,4,기후,부산날씨,0B8EBxlF3wM,[날씨] 부산 내일 더 쌀쌀해요…오전까지 곳곳 안개 / KBS  2025.11.27.,KBS 뉴스 부산,2025-11-27 20:35,820,14,1,https://i.ytimg.com/vi/0B8EBxlF3wM/hqdefault.jpg,2026-02-25 18:21
1,4,기후,부산날씨,3rkEyH2EZ9I,부산 오늘(24) 예년 기온 웃돌아… 내일(25) 낮 한때 비 | 오늘의 날씨,부산MBC뉴스,2025-11-24 11:23,2217,11,0,https://i.ytimg.com/vi/3rkEyH2EZ9I/hqdefault.jpg,2026-02-25 18:21
1,4,기후,부산날씨,Q-7vkHsL3O4,[날씨] 한파 이제는 한풀 꺾여…부산 8도까지 올라 / SBS,SBS 뉴스,2026-01-31 15:44,13097,211,27,https://i.ytimg.com/vi/Q-7vkHsL3O4/hqdefault.jpg,2026-02-25 18:21
1,4,기후,부산날씨,k-TOaOhUnwk,"부산 낮부터 추위 풀려, 주말 기온 변화 심해 | 오늘의 날씨",부산MBC뉴스,2026-01-09 10:00,3853,17,1,https://i.ytimg.com/vi/k-TOaOhUnwk/hqdefault.jpg,2026-02-25 18:21
1,4,기후,부산날씨,lHGSZkXLkgU,[날씨] 부산 예년보다 온화…내일 오후부터 약한 비 / KBS  2025.11.24.,KBS 뉴스 부산,2025-11-24 20:23,375,10,2,https://i.ytimg.com/vi/lHGSZkXLkgU/hqdefault.jpg,2026-02-25 18:21
1,4,기후,부산날씨,cws-eq0Ay5g,[날씨] 중부지방에 비·눈 내려…부산 11도까지 올라 / SBS,SBS 뉴스,2025-12-06 12:31,8301,172,27,https://i.ytimg.com/vi/cws-eq0Ay5g/hqdefault.jpg,2026-02-25 18:21
1,4,기후,부산날씨,4HNHR8nSPOo,내일 부산경남 대체로 흐리고 비 내려.. / KNN,KNN NEWS,2026-02-24 21:46,582,11,2,https://i.ytimg.com/vi/4HNHR8nSPOo/hqdefault.jpg,2026-02-25 18:21
1,4,기후,부산날씨,eiqJFBIKJdA,[날씨] 부산 내일도 추워…동해안 중심 건조특보·강풍 주의 / KBS  2025.12.04.,KBS 뉴스 부산,2025-12-04 20:18,851,17,1,https://i.ytimg.com/vi/eiqJFBIKJdA/hqdefault.jpg,2026-02-25 18:21
1,4,기후,부산날씨,f9JMgYh09yo,부산 흐리고 약한 비 28일 아침 추워져 | 오늘의 날씨,부산MBC뉴스,2025-11-27 09:39,4350,21,0,https://i.ytimg.com/vi/f9JMgYh09yo/hqdefault.jpg,2026-02-25 18:21
1,4,기후,부산날씨,7TUCI7ZvAn8,[날씨] 반짝 초겨울 추위‥내일 낮부터 풀려 (2025.11.03/뉴스데스크/MBC),MBCNEWS,2025-11-03 21:38,9208,135,0,https://i.ytimg.com/vi/7TUCI7ZvAn8/hqdefault.jpg,2026-02-25 18:21
1,4,기후,부산날씨,zW7lTWso4eQ,[날씨] 부산 내일 더 포근…한낮 최고 14도 / KBS  2026.02.04.,KBS 뉴스 부산,2026-02-04 20:14,642,16,2,https://i.ytimg.com/vi/zW7lTWso4eQ/hqdefault.jpg,2026-02-25 18:21
1,4,기후,부산날씨,Vbnu4WLgkPc,[날씨] 평년 이맘때 회복…부산 7도까지 올라 / SBS,SBS 뉴스,2026-02-01 12:28,12684,229,20,https://i.ytimg.com/vi/Vbnu4WLgkPc/hqdefault.jpg,2026-02-25 18:21
1,4,기후,부산날씨,_Igzkf5iGYI,[날씨] 저녁에는 기온 '뚝'…부산 16도까지 올라 / SBS,SBS 뉴스,2025-12-07 12:12,11404,164,13,https://i.ytimg.com/vi/_Igzkf5iGYI/hqdefault.jpg,2026-02-25 18:21
1,5,기후,날씨예보,kjZ8k7po55Q,[날씨] 오늘 전국 눈·비…경상도 최대 10cm 폭설 / SBS,SBS 뉴스,2026-02-24 06:43,28352,290,66,https://i.ytimg.com/vi/kjZ8k7po55Q/hqdefault.jpg,2026-02-25 18:21
1,5,기후,날씨예보,vJCX7tz9V0A,[날씨] 내일(22일) 새벽~낮 전국 곳곳에 비…5mm 미만 / KBS  2026.02.21.,KBS News,2026-02-21 17:21,17052,247,11,https://i.ytimg.com/vi/vJCX7tz9V0A/hqdefault.jpg,2026-02-25 18:21
1,5,기후,날씨예보,7vrg5P1CzD0,"[날씨] 밤까지 곳곳 눈비…내일 한낮 포근, 일교차 커 / 연합뉴스TV (YonhapnewsTV)",연합뉴스TV,2026-02-24 17:36,5353,126,6,https://i.ytimg.com/vi/7vrg5P1CzD0/hqdefault.jpg,2026-02-25 18:21
1,6,기후,내일 날씨,7vrg5P1CzD0,"[날씨] 밤까지 곳곳 눈비…내일 한낮 포근, 일교차 커 / 연합뉴스TV (YonhapnewsTV)",연합뉴스TV,2026-02-24 17:36,5353,126,6,https://i.ytimg.com/vi/7vrg5P1CzD0/hqdefault.jpg,2026-02-25 18:21
1,6,기후,내일 날씨,vJCX7tz9V0A,[날씨] 내일(22일) 새벽~낮 전국 곳곳에 비…5mm 미만 / KBS  2026.02.21.,KBS News,2026-02-21 17:21,17052,247,11,https://i.ytimg.com/vi/vJCX7tz9V0A/hqdefault.jpg,2026-02-25 18:21
1,6,기후,내일 날씨,zzk_haHZHCE,[날씨] 내일 한낮 15도 안팎 포근…큰 일교차 유의 / 연합뉴스TV (YonhapnewsTV),연합뉴스TV,2026-02-25 16:18,1570,72,8,https://i.ytimg.com/vi/zzk_haHZHCE/hqdefault.jpg,2026-02-25 18:21
1,7,기후,일기예보,kjZ8k7po55Q,[날씨] 오늘 전국 눈·비…경상도 최대 10cm 폭설 / SBS,SBS 뉴스,2026-02-24 06:43,28352,290,66,https://i.ytimg.com/vi/kjZ8k7po55Q/hqdefault.jpg,2026-02-25 18:21
1,7,기후,일기예보,N1VLQByo9sY,[날씨] 오전부터 전국 눈·비…영남 강하고 많은 눈 / 연합뉴스TV (YonhapnewsTV),연합뉴스TV,2026-02-24 07:24,2767,67,7,https://i.ytimg.com/vi/N1VLQByo9sY/hqdefault.jpg,2026-02-25 18:21
1,7,기후,일기예보,_erJw9K6IEs,[날씨] 내일 건조함 달래줄 비·눈…영남 최고 10cm  폭설 [MBN 뉴스7],MBN News,2026-02-23 20:06,3780,68,9,https://i.ytimg.com/vi/_erJw9K6IEs/hqdefault.jpg,2026-02-25 18:21
1,8,기후,대구 날씨,cfg5tM31UHk,"'대설주의보' 대구·경북···내일 아침까지 눈, 비 | 대구MBC뉴스",대구MBC뉴스,2026-02-24 17:42,3345,20,2,https://i.ytimg.com/vi/cfg5tM31UHk/hqdefault.jpg,2026-02-25 18:21
1,8,기후,대구 날씨,iCNz26YS1CU,[날씨] 대구·경북 내일 낮 기온↓…모레까지 눈·비 / KBS  2026.02.23.,KBS뉴스 대구경북,2026-02-23 20:19,1931,30,3,https://i.ytimg.com/vi/iCNz26YS1CU/hqdefault.jpg,2026-02-25 18:21
1,8,기후,대구 날씨,cHELrUiFYOU,[날씨] 대구·경북 내일 새벽까지 눈·비…빙판길 주의! / KBS  2026.02.24.,KBS뉴스 대구경북,2026-02-24 20:14,2118,34,4,https://i.ytimg.com/vi/cHELrUiFYOU/hqdefault.jpg,2026-02-25 18:21
2,9,엔터테인먼트,유튜브 문제가 발생했습니다,PWPo0PLpRVs,유튜브 접속 오류…홈 화면 정지에 이용자 불편 / 연합뉴스TV (YonhapnewsTV),연합뉴스TV,2026-02-18 11:24,79884,799,558,https://i.ytimg.com/vi/PWPo0PLpRVs/hqdefault.jpg,2026-02-25 18:21
2,9,엔터테인먼트,유튜브 문제가 발생했습니다,ICudhPfGfpc,"유튜브, 1시간 접속오류…""플랫폼 정상화 조치"" / 연합뉴스TV (YonhapnewsTV)",연합뉴스TV,2026-02-18 14:38,2815,19,12,https://i.ytimg.com/vi/ICudhPfGfpc/hqdefault.jpg,2026-02-25 18:21
2,9,엔터테인먼트,유튜브 문제가 발생했습니다,E4PqSeZ83JA,"유튜브, 약 1시간 반 접속오류…""플랫폼 정상화"" / 연합뉴스TV (YonhapnewsTV)",연합뉴스TV,2026-02-18 13:39,1884,23,6,https://i.ytimg.com/vi/E4PqSeZ83JA/hqdefault.jpg,2026-02-25 18:21
2,10,엔터테인먼트,문상민,vU6ZcH8YEDQ,"[ENG/JPN] ""형 꺼나 해액🙄‼️"" 싸우면 매니저가 먼저 눈치 보는 댕X댕 조합🐶l 세븐틴(SEVENTEEN) 승관 l 배우 문상민 l 부승관의 비비디바비디부",일일칠 - 117,2026-02-19 19:00,268821,13985,625,https://i.ytimg.com/vi/vU6ZcH8YEDQ/hqdefault.jpg,2026-02-25 18:21
2,10,엔터테인먼트,문상민,B1bDibCG4WI,#THUNDER ⚡️ with #문상민 #MOONSANGMIN #승관 #SEUNGKWAN #SEVENTEEN #세븐틴 #HAPPY_BURSTDAY #SVT_THUNDER,SEVENTEEN,2025-06-02 17:30,1249627,80923,327,https://i.ytimg.com/vi/B1bDibCG4WI/hqdefault.jpg,2026-02-25 18:21
2,10,엔터테인먼트,문상민,oPVvUWaGdgk,#류진 과 #문상민 님의 #GWBGChallenge -!ㄴ 뮤직뱅크를 뒤집어 놓으셨다 ˶˙ᵕ˙ )ﾉﾞ #ITZY #RYUJIN #ITZY_GWBG,ITZY,2025-06-20 19:30,857623,43964,248,https://i.ytimg.com/vi/oPVvUWaGdgk/hqdefault.jpg,2026-02-25 18:21
2,11,엔터테인먼트,파반느,_7zbjCehoPk,파반느 2편🎹 누군가를 사랑하는 당신을 위한 두 친구의 이야기 | 파반느 홍보하러 온 건 맞는데 | 넷플릭스,Netflix Korea 넷플릭스 코리아,2026-02-25 18:00,839,71,3,https://i.ytimg.com/vi/_7zbjCehoPk/hqdefault.jpg,2026-02-25 18:21
2,11,엔터테인먼트,파반느,YEmVS34bLUs,"편집자 존버 성공했습니다😂 17년 만에 영화로 돌아온 ✨ 인생 로맨스 소설 ✨ ┃파반느, MBC 260215 방송",출발! 비디오여행 : MBC 공식 채널,2026-02-16 10:00,257550,1163,134,https://i.ytimg.com/vi/YEmVS34bLUs/hqdefault.jpg,2026-02-25 18:21
2,11,엔터테인먼트,파반느,F7UxmgGFXMU,"[파반느] 쉿, 파반느에 숨겨진 12가지",18.5도,2026-02-23 14:10,5614,157,18,https://i.ytimg.com/vi/F7UxmgGFXMU/hqdefault.jpg,2026-02-25 18:21
2,12,엔터테인먼트,부산찬란한 너의 계절에,x5_FNMd2i18,남녀공학에서 예쁘다는 말을 함부로 하면 안되는 이유,짧은오리,2022-06-25 16:00,18965068,247576,3720,https://i.ytimg.com/vi/x5_FNMd2i18/hqdefault.jpg,2026-02-25 18:21
2,12,엔터테인먼트,부산찬란한 너의 계절에,bnyYy15rYKU,그거...   카더가든이 만든 노래인데요🎧 #shorts,보다 BODA,2022-09-15 17:20,17650026,214116,2464,https://i.ytimg.com/vi/bnyYy15rYKU/hqdefault.jpg,2026-02-25 18:21
2,12,엔터테인먼트,부산찬란한 너의 계절에,ZAaLNdP28RM,(sub)하객 반응 최고였던 결혼식 인사 #shorts,부부잉 BUBUING,2022-11-07 16:47,8426027,47486,1216,https://i.ytimg.com/vi/ZAaLNdP28RM/hqdefault.jpg,2026-02-25 18:21
2,13,엔터테인먼트,김태리,3f9oztHYsPM,"숙소에서는 태리쌤이랑, 연극반에서는 아이들이랑🥰 어딜 가든 인기 만점 감자쌤ㅋㅋ🥔 #highlight #방과후태리쌤 EP.1",tvN Joy,2026-02-22 21:43,150716,1965,110,https://i.ytimg.com/vi/3f9oztHYsPM/hqdefault.jpg,2026-02-25 18:21
2,13,엔터테인먼트,김태리,8d6lLWDpJC4,태리쌤도 선생님은 처음이라😢 초보 선생님 김태리의 첫 연극 수업 도전기👩‍🏫 #방과후태리쌤 EP.1 | tvN 260222 방송,tvN Joy,2026-02-22 20:15,29614,674,64,https://i.ytimg.com/vi/8d6lLWDpJC4/hqdefault.jpg,2026-02-25 18:21
2,13,엔터테인먼트,김태리,YRvcC1QgsaI,"김태리, 밀라노 가는 방과후 태리쌤 ""너무 기대돼요! 새해 복 많이 받으세요"" KimTaeri Airport Departure [공항, 비하인드] #김태리 #KimTaeri",비하인드 BEHIND ,2026-02-25 15:06,68,14,0,https://i.ytimg.com/vi/YRvcC1QgsaI/hqdefault.jpg,2026-02-25 18:21
2,14,엔터테인먼트,아너 그녀들의 법정,-C8MhDDI8AA,[아너] 증거 넘기라며 동료에게 실탄 장전한 형사의 정체 | EP.08,스튜디오지니,2026-02-24 23:11,28498,196,22,https://i.ytimg.com/vi/-C8MhDDI8AA/hqdefault.jpg,2026-02-25 18:21
2,14,엔터테인먼트,아너 그녀들의 법정,NAwdYOEYhG8,"[아너] ""수사 기관의 빠른 수사를 촉구합니다"" 생방송에서 ㅅㅁㅁ 어플을 폭로한 이나영 | EP.08",스튜디오지니,2026-02-24 23:08,13079,85,5,https://i.ytimg.com/vi/NAwdYOEYhG8/hqdefault.jpg,2026-02-25 18:21
2,14,엔터테인먼트,아너 그녀들의 법정,cvyDCbAKTOM,[9회 예고] 온 국민이 경악한 성매매 어플 스캔들 그리고 움직이는 사건의 진짜 배후 #아너,ENA DRAMA,2026-02-24 23:15,15674,84,5,https://i.ytimg.com/vi/cvyDCbAKTOM/hqdefault.jpg,2026-02-25 18:21
2,15,엔터테인먼트,윤영경,m6WrwQ1X2Rk,남창희 아내의 놀라운정체?#남창희#한강아이유#윤영경,연예잇슈다,2026-02-23 19:58,12228,75,13,https://i.ytimg.com/vi/m6WrwQ1X2Rk/hqdefault.jpg,2026-02-25 18:21
2,15,엔터테인먼트,윤영경,J2rJCstKsNQ,"""미인이라고 소문이 났다""…남창희 아내 누구길래? - 뉴스파이터",MBN News,2026-02-24 20:20,6410,30,16,https://i.ytimg.com/vi/J2rJCstKsNQ/hqdefault.jpg,2026-02-25 18:21
2,15,엔터테인먼트,윤영경,7JGr64ICFpA,[5회 예고] 눈이 번쩍! 세비야에 등장한 美친 미모의 그녀!,MBN Entertainment,2019-02-11 11:11,23761,43,11,https://i.ytimg.com/vi/7JGr64ICFpA/hqdefault.jpg,2026-02-25 18:21
2,16,엔터테인먼트,정동원,gYUjtw_Z7E8,"‘잠시 안녕’ 정동원, 오늘 해병대 입대…18개월 복무 후 제대 / 채널A / 뉴스TOP 10",채널A 뉴스TOP10,2026-02-23 19:02,68505,1563,261,https://i.ytimg.com/vi/gYUjtw_Z7E8/hqdefault.jpg,2026-02-25 18:21
2,16,엔터테인먼트,정동원,mT3Nrl526i0,"정동원, 달콤 보이스로 안방극장 접수…'육각형 아티스트' 존재감 입증",서울경제TV,2026-02-25 11:30,1521,413,22,https://i.ytimg.com/vi/mT3Nrl526i0/hqdefault.jpg,2026-02-25 18:21
2,16,엔터테인먼트,정동원,6UBbjvqUL7g,“정동원 해병대 2일차… 새벽 기상에 체력훈련 시작 😳🔥”,동원이 케이트롯,2026-02-24 19:31,10818,1868,124,https://i.ytimg.com/vi/6UBbjvqUL7g/hqdefault.jpg,2026-02-25 18:21
2,16,엔터테인먼트,정동원,7WZ2aojkb6U,"충격 단독! ""할아버지와 약속 지킵니다"" 정동원 해병대 간 진짜 이유",연예 뒤통령이진호,2026-02-23 18:30,28178,1868,293,https://i.ytimg.com/vi/7WZ2aojkb6U/hqdefault.jpg,2026-02-25 18:21
2,16,엔터테인먼트,정동원,NWcQc8rlqes,[🍋] 해병대 1327기 정동원 동기들과 첫 연병장 행진🇰🇷  근데 널 못 찾겠어 😭,레몬🍋,2026-02-24 11:48,281159,3620,97,https://i.ytimg.com/vi/NWcQc8rlqes/hqdefault.jpg,2026-02-25 18:21
2,16,엔터테인먼트,정동원,G1NH609V47c,"가수 정동원, 해병대 입대…“스스로와의 약속” / 채널A / 뉴스A 라이브",채널A News,2026-02-23 13:19,29818,845,74,https://i.ytimg.com/vi/G1NH609V47c/hqdefault.jpg,2026-02-25 18:21
2,16,엔터테인먼트,정동원,Sr0PLQbsMxU,[임영웅 헌정곡]💧해병대 입대한 정동원이 보고싶은 사람들에게 보내는 노래🎵 조금만 기다려요 🎵 #임영웅헌정곡 #임영웅 #정동원 #이찬원 #미스터트롯,영웅라디오,2026-02-25 15:02,1762,320,7,https://i.ytimg.com/vi/Sr0PLQbsMxU/hqdefault.jpg,2026-02-25 18:21
2,16,엔터테인먼트,정동원,9IKgZ9b38V8,260223 정동원해병대입대 잘다녀와ㅠ 필승🫡,하이동원,2026-02-23 14:40,155594,6448,268,https://i.ytimg.com/vi/9IKgZ9b38V8/hqdefault.jpg,2026-02-25 18:21
2,16,엔터테인먼트,정동원,pCH9CzdTzEk,정동원 해병대 입소 실시간 현장 발칵,밤작가tv,2026-02-23 13:09,456004,5270,40,https://i.ytimg.com/vi/pCH9CzdTzEk/hqdefault.jpg,2026-02-25 18:21
2,16,엔터테인먼트,정동원,zbjcZmeoV1k,"정동원 입소 전 팬미팅💥그 뜨거웠던 현장,💥전체공개.",KIM행복TV,2026-02-23 15:32,27952,1261,110,https://i.ytimg.com/vi/zbjcZmeoV1k/hqdefault.jpg,2026-02-25 18:21
2,16,엔터테인먼트,정동원,AYqFynoSGqM,정동원 입소전 #우주총동원 팬미팅,손앙드레,2026-02-23 21:27,73381,0,122,https://i.ytimg.com/vi/AYqFynoSGqM/hqdefault.jpg,2026-02-25 18:21
2,16,엔터테인먼트,정동원,oSY_QWwEkEE,💥일월문화공원현장💥#정동원 #해병대입대 ,KIM행복TV,2026-02-23 09:56,17270,950,75,https://i.ytimg.com/vi/oSY_QWwEkEE/hqdefault.jpg,2026-02-25 18:21
2,16,엔터테인먼트,정동원,IZ6a-mXxqrM,"정동원 해병대 입대!! 훈련소 앞에서 "" 미안하고 사랑합니다 "" #정동원 #정동원해병대 #정동원입대 #해병대 #정동원군입대 #군입대 #우주총동원 #우총 #오늘을건너내일다시만나는길",동원랜드,2026-02-23 16:51,121388,2732,197,https://i.ytimg.com/vi/IZ6a-mXxqrM/hqdefault.jpg,2026-02-25 18:21
2,16,엔터테인먼트,정동원,MBdSkCh35N0,"[시사쇼 정치다] 해병대 입대한 2007년생 정동원… ""자기 자신과의 약속""",뉴스TVCHOSUN,2026-02-23 20:52,33049,1391,141,https://i.ytimg.com/vi/MBdSkCh35N0/hqdefault.jpg,2026-02-25 18:21
2,16,엔터테인먼트,정동원,lJOdeh8GyeE,정동원 해병대 군입대 아버지 돌연 돌발행동,밤작가tv,2026-02-24 13:47,436441,4828,43,https://i.ytimg.com/vi/lJOdeh8GyeE/hqdefault.jpg,2026-02-25 18:21
2,16,엔터테인먼트,정동원,hgtXEoMfEjg,사랑의 콜센타 정동원 노래모음 ⭐1시간 연속듣기⭐,미스&미스터트롯,2020-09-18 17:24,3979003,41260,0,https://i.ytimg.com/vi/hgtXEoMfEjg/hqdefault.jpg,2026-02-25 18:21
2,16,엔터테인먼트,정동원,rlRrWB8wB1I,14살에 깨우친 인생..✰ 정동원 ‘여백’♪ [내일은 미스터트롯] 11회 20200312,TVCHOSUN - TV조선,2020-03-12 22:49,22548225,101173,10459,https://i.ytimg.com/vi/rlRrWB8wB1I/hqdefault.jpg,2026-02-25 18:21
2,16,엔터테인먼트,정동원,vgJElkZx6q0,[다시보는 미스터트롯] (풀버전) 13살 트롯 천재 정동원의 역사적인 첫 등장! 원곡자 진성 울린 감동의 무대 '보릿고개' #TV조선조이 (TV CHOSUN 200102 방송),TVCHOSUN JOY,2021-04-23 10:15,903145,8205,281,https://i.ytimg.com/vi/vgJElkZx6q0/hqdefault.jpg,2026-02-25 18:21
2,16,엔터테인먼트,정동원,63_6azpDYA4,“정동원 해병대 1일차 실제 일정… 긴장하지 마세요~😳🔥”,동원이 케이트롯,2026-02-23 22:49,34838,2782,142,https://i.ytimg.com/vi/63_6azpDYA4/hqdefault.jpg,2026-02-25 18:21
2,16,엔터테인먼트,정동원,8CrsIuOlWow,"정동원 해병대 입대 1327기  ""아버지 어머니 사랑합니다"" #우주총동원  #정동원 해병대 #해병대 1327기",픽홈(pick-home),2026-02-23 20:22,43710,1368,18,https://i.ytimg.com/vi/8CrsIuOlWow/hqdefault.jpg,2026-02-25 18:21
2,16,엔터테인먼트,정동원,bJESxUEROzU,"정동원 포항 해병대 입대...수백명 팬 배웅, 내년 8월 전역",포항노컷,2026-02-23 17:44,341965,5591,67,https://i.ytimg.com/vi/bJESxUEROzU/hqdefault.jpg,2026-02-25 18:21
2,16,엔터테인먼트,정동원,-z12PNJnQV4,260223 정동원 해병대 입대 배웅 실시간 라이브 #정동원 #정동원배웅 #정동원입대 #정동원해병대 #해병대 #실시간 #라이브,동원랜드,2026-02-23 14:29,33496,1790,64,https://i.ytimg.com/vi/-z12PNJnQV4/hqdefault.jpg,2026-02-25 18:21
2,16,엔터테인먼트,정동원,h9UvH1utWb0,정동원 - 오늘을 건너 내일 다시 만나는 길｜야외녹음실｜Beyond the Studio｜LIVE,1theK Live - 원더케이 라이브,2026-02-05 18:00,468686,5011,1676,https://i.ytimg.com/vi/h9UvH1utWb0/hqdefault.jpg,2026-02-25 18:21
2,16,엔터테인먼트,정동원,hqI4YG0NdDM,만기 출소한 정동원 아버지의 놀라운 근황,1분 뚝딱 랭킹,2025-10-18 21:31,2683409,62861,277,https://i.ytimg.com/vi/hqI4YG0NdDM/hqdefault.jpg,2026-02-25 18:21
2,17,엔터테인먼트,금잔디,L1cgjCvfLoU,금잔디(グムザンディ) – 바람에 흔들리고 비에 젖어도(風に揺れ、雨に濡れても)｜현역가왕3 10회,MBN MUSIC,2026-02-25 02:10,38682,734,223,https://i.ytimg.com/vi/L1cgjCvfLoU/hqdefault.jpg,2026-02-25 18:21
2,17,엔터테인먼트,금잔디,EX7YgwjEFc0,금잔디(グムザンディ) – 고속도로 메들리(高速道路メドレー)｜현역가왕3 9회,MBN MUSIC,2026-02-18 02:06,171558,1909,1433,https://i.ytimg.com/vi/EX7YgwjEFc0/hqdefault.jpg,2026-02-25 18:21
2,17,엔터테인먼트,금잔디,dh_uR0zqFz0,금잔디(グムザンディ) – 가버린 사랑(去ってしまった恋)｜현역가왕3 3회,MBN MUSIC,2026-01-07 02:04,330386,3113,530,https://i.ytimg.com/vi/dh_uR0zqFz0/hqdefault.jpg,2026-02-25 18:21
2,18,엔터테인먼트,홍자,Tjcsm9N5grc,홍자(ホンジャ) – 시네마 천국(シネマ天国)｜현역가왕3 10회,MBN MUSIC,2026-02-25 02:03,44173,1382,625,https://i.ytimg.com/vi/Tjcsm9N5grc/hqdefault.jpg,2026-02-25 18:21
2,18,엔터테인먼트,홍자,eshA4iC5DX8,"홍자 필살기 무대, 설운도 극찬받고도 298점... '현역가왕3' 스튜디오 발칵 뒤집힌 충격적 내막!",Hot ZONE,2026-02-25 09:00,524,74,31,https://i.ytimg.com/vi/eshA4iC5DX8/hqdefault.jpg,2026-02-25 18:21
2,18,엔터테인먼트,홍자,oYPHdmIM--o,홍자 - 시네마 천국｜현역가왕3 10회 260224 방송｜CReAstudio,트롯가왕,2026-02-25 00:19,33716,1189,584,https://i.ytimg.com/vi/oYPHdmIM--o/hqdefault.jpg,2026-02-25 18:21
3,19,비즈니스 및 금융,김인호,DdGAAGgSoZc,홍대 길거리 실물투표,김인호TV,2026-02-24 19:30,76743,791,114,https://i.ytimg.com/vi/DdGAAGgSoZc/hqdefault.jpg,2026-02-25 18:21
3,19,비즈니스 및 금융,김인호,d9X3QChTvG4,생일선물로 이건 처음 받아보네;,김인호TV,2026-02-18 21:15,145968,1278,117,https://i.ytimg.com/vi/d9X3QChTvG4/hqdefault.jpg,2026-02-25 18:21
3,19,비즈니스 및 금융,김인호,kPIfB-bffVc,꽃뱀한테 제대로 물렸습니다..,김인호TV,2026-02-08 22:01,116242,909,93,https://i.ytimg.com/vi/kPIfB-bffVc/hqdefault.jpg,2026-02-25 18:21
3,20,비즈니스 및 금융,비트코인,JGkyxlfQUBM,(비트코인 실시간방송)전세계 1위 관점 트레이더 방송/승률 95% 이상 이호재tv 1 #비트코인 #비트코인실시간,비트코인 이호재,2026-02-25 16:26,995,21,0,https://i.ytimg.com/vi/JGkyxlfQUBM/hqdefault_live.jpg,2026-02-25 18:21
3,20,비즈니스 및 금융,비트코인,vHOLJAGqLOQ,"""2달 뒤 비트코인에 대한 충격 전망"", 무시무시한 가격 예측 나왔다  ( 정구태 대표 )",경제 원탑,2026-02-25 12:30,14428,543,39,https://i.ytimg.com/vi/vHOLJAGqLOQ/hqdefault.jpg,2026-02-25 18:21
3,20,비즈니스 및 금융,비트코인,0uP8YznuFIY,[긴급브리핑]비트코인 6만달러가 깨지기 전 반등 시나리오(2025년도 똑같은 패턴),비트갱스터,2026-02-25 16:31,812,83,9,https://i.ytimg.com/vi/0uP8YznuFIY/hqdefault.jpg,2026-02-25 18:21
3,21,비즈니스 및 금융,케이뱅크 공모주,bNEBHQ1Vft8,[공모주] 케이뱅크 2일차 마감 / 증권사별 예상 수량,주식애소리,2026-02-23 17:21,34620,1048,52,https://i.ytimg.com/vi/bNEBHQ1Vft8/hqdefault.jpg,2026-02-25 18:21
3,21,비즈니스 및 금융,케이뱅크 공모주,PJ0fQaXPsvw,"케이뱅크 공모주 청약 마감(2일차) | 액스비스, 에스팀 1일차 | 기대 수익 비교",집돈버 구쯔,2026-02-23 17:23,23816,987,27,https://i.ytimg.com/vi/PJ0fQaXPsvw/hqdefault.jpg,2026-02-25 18:21
3,21,비즈니스 및 금융,케이뱅크 공모주,7oRFCfgDIO0,"[공모주] 케이뱅크 청약 마감 결과 - 83만건, 9.83조 증거금! 액스비스 & 에스팀의 2일차 예상은?",공모주린이의 투자백서,2026-02-23 16:51,39853,1023,64,https://i.ytimg.com/vi/7oRFCfgDIO0/hqdefault.jpg,2026-02-25 18:21
3,22,비즈니스 및 금융,하이닉스 주가,6Ju3IIHodp4,SK하이닉스주가전망 2월25일 공시발표 드디어 나왔습니다! 준비하세요 #sk하이닉스 #sk하이닉스주가전망 #sk하이닉스주가,투자타이밍,2026-02-25 14:15,2464,304,0,https://i.ytimg.com/vi/6Ju3IIHodp4/hqdefault.jpg,2026-02-25 18:21
3,22,비즈니스 및 금융,하이닉스 주가,bO4l-28M0lc,"[SK하이닉스 주가전망] 💥방금, 발표했습니다. 결국 나올게 나왔습니다. 필수시청  #sk하이닉스 #sk하이닉스주가전망 #sk하이닉스주가",투자타이밍,2026-02-25 11:30,2634,477,0,https://i.ytimg.com/vi/bO4l-28M0lc/hqdefault.jpg,2026-02-25 18:21
3,22,비즈니스 및 금융,하이닉스 주가,cdp6Hkp5FSw,"SK하이닉스 주가 전망. 역사적인 오늘, 심상치 않았죠? 내일 주가 감히 맞춰보겠습니다. 반드시 체크해보세요. 2월 24일 방송.",세력버스_,2026-02-24 18:02,8375,478,17,https://i.ytimg.com/vi/cdp6Hkp5FSw/hqdefault.jpg,2026-02-25 18:21
3,23,비즈니스 및 금융,엔화,pFOgSURsFkM,"""중국 위안화에도 박살났다""…일본 엔화 실질 가치, 30년 만에 3분의 1토막 '충격'",서울경제TV,2026-02-22 12:15,16845,146,151,https://i.ytimg.com/vi/pFOgSURsFkM/hqdefault.jpg,2026-02-25 18:21
3,23,비즈니스 및 금융,엔화,VLEx9ZGp5VM,엔화 약세에 돈까지 푼다?!😮 ‘사나에노믹스’가 던진 일본 경제 승부수💴 그렇다면 한국의 선택은? | 장르가 머니 47회 | JTBC 260220 방송,교양 Voyage,2026-02-20 20:00,23930,22,1,https://i.ytimg.com/vi/VLEx9ZGp5VM/hqdefault.jpg,2026-02-25 18:21
3,23,비즈니스 및 금융,엔화,e02ht9YjRr0,환율•금리•엔화•금...2026년 향방은? [최준영 박사 1부],머니올라_KBS,2026-01-01 07:00,41410,787,53,https://i.ytimg.com/vi/e02ht9YjRr0/hqdefault.jpg,2026-02-25 18:21
3,24,비즈니스 및 금융,주식,4CGv5lDwQwg,"""수십년 투자하며 깨달았다"" 이익은 극대화 하고 손실은 최소화하는 최적의 실전 투자 방법 (이광수 대표 2부)",책과삶,2026-02-24 19:00,36939,1274,59,https://i.ytimg.com/vi/4CGv5lDwQwg/hqdefault.jpg,2026-02-25 18:21
3,24,비즈니스 및 금융,주식,F9Q-vuM07L4,[주식]🚨2월 25일 당장 매수!! 미친 급등 터질 주식 '딱 3종목'🔥#급등주 #로봇관련주 #배터리 #2차전지 #로봇주 #코스피 #코스닥 #연기금 #국민연금 #원전주｜리드남,주식 재벌 - 주먹남 리드남의 급등주,2026-02-24 20:30,32328,3616,155,https://i.ytimg.com/vi/F9Q-vuM07L4/hqdefault.jpg,2026-02-25 18:21
3,24,비즈니스 및 금융,주식,53rJ3cq1Zxw,"삼성전자 SK하이닉스 충격신호 떴다, 말도 안되는 저평가 2차전지 '이 주식' 바닥에서 곧 억소리나게 오를 겁니다 [인생주식]",주식장인,2026-02-24 18:00,191508,0,859,https://i.ytimg.com/vi/53rJ3cq1Zxw/hqdefault.jpg,2026-02-25 18:21
3,25,비즈니스 및 금융,에어로케이,2XDUfGHdj40,"[자막뉴스] ""20시간이나 기다렸어요"" 에어로케이 상습 지연 이유는?",CJB NEWS,2026-01-07 09:20,603,4,0,https://i.ytimg.com/vi/2XDUfGHdj40/hqdefault.jpg,2026-02-25 18:21
3,25,비즈니스 및 금융,에어로케이,3Qrw404LjPU,"에어로케이, 이 영상만 보고 가도 충분합니다   ",몬크,2025-10-30 22:23,2396,64,3,https://i.ytimg.com/vi/3Qrw404LjPU/hqdefault.jpg,2026-02-25 18:21
3,25,비즈니스 및 금융,에어로케이,ZNt_YtKyjEY,에어로케이의 이상한 일본 취항지 중 괜찮은 히로시마 출발 탑승기 (Aero K Hiroshima Economy),여행에 빠지다,2026-01-25 10:00,15154,219,99,https://i.ytimg.com/vi/ZNt_YtKyjEY/hqdefault.jpg,2026-02-25 18:21
3,26,비즈니스 및 금융,에스팀,_y6GnCG_Zik,"액스비스, 에스팀 공모주 청약 마감(2일차) | 배정수 체크하세요",집돈버 구쯔,2026-02-24 17:09,10004,554,18,https://i.ytimg.com/vi/_y6GnCG_Zik/hqdefault.jpg,2026-02-25 18:21
3,26,비즈니스 및 금융,에스팀,w8HJsAzoDVc,"액스비스, 에스팀 결과 ㅣ 몇주 받을까요 ?",경제적자유민족,2026-02-24 16:50,11903,590,58,https://i.ytimg.com/vi/w8HJsAzoDVc/hqdefault.jpg,2026-02-25 18:21
3,26,비즈니스 및 금융,에스팀,WNr0yQqz3BQ,에스팀   배정공지..한투 3월6일 상장... 가즈아!!!!  수급으로 밀어주라!!,빨간조끼아저씨,2026-02-25 13:57,2049,94,60,https://i.ytimg.com/vi/WNr0yQqz3BQ/hqdefault.jpg,2026-02-25 18:21
3,27,비즈니스 및 금융,신영자,yDDlUSkBWDo,롯데 신격호 회장 장녀 신영주 충격 별세...,스타핫이슈,2026-02-22 18:38,6452,77,10,https://i.ytimg.com/vi/yDDlUSkBWDo/hqdefault.jpg,2026-02-25 18:21
3,27,비즈니스 및 금융,신영자,kra-B42r6F0,"""유통업계의 대모"" 신영자 의장님을 추모하며",롯데재단,2026-02-24 14:18,2373,32,2,https://i.ytimg.com/vi/kra-B42r6F0/hqdefault.jpg,2026-02-25 18:21
3,27,비즈니스 및 금융,신영자,zqMmMm7yaxc,"[신통방통] 신격호의 '아픈 손가락' 신영자 별세···롯데재단 ""사회공헌에 큰 힘""",뉴스TVCHOSUN,2026-02-23 11:52,246818,2180,269,https://i.ytimg.com/vi/zqMmMm7yaxc/hqdefault.jpg,2026-02-25 18:21
3,28,비즈니스 및 금융,액스비스,w8HJsAzoDVc,"액스비스, 에스팀 결과 ㅣ 몇주 받을까요 ?",경제적자유민족,2026-02-24 16:50,11903,590,58,https://i.ytimg.com/vi/w8HJsAzoDVc/hqdefault.jpg,2026-02-25 18:21
3,28,비즈니스 및 금융,액스비스,_BOiKqaXdXM,[공모주] 액스비스 & 에스팀 마감 / 예상 배정 수량은? / 가성비 구간은?,주식애소리,2026-02-24 16:59,14769,559,33,https://i.ytimg.com/vi/_BOiKqaXdXM/hqdefault.jpg,2026-02-25 18:21
3,28,비즈니스 및 금융,액스비스,_y6GnCG_Zik,"액스비스, 에스팀 공모주 청약 마감(2일차) | 배정수 체크하세요",집돈버 구쯔,2026-02-24 17:09,10004,554,18,https://i.ytimg.com/vi/_y6GnCG_Zik/hqdefault.jpg,2026-02-25 18:21
4,29,스포츠,엘에이 fc 대 인터 마이애미,jUhlnOrbpZU,[MLS] 1R LAFC vs 인터 마이애미 2분 하이라이트,쿠팡플레이 스포츠,2026-02-22 15:17,552154,3464,874,https://i.ytimg.com/vi/jUhlnOrbpZU/hqdefault.jpg,2026-02-25 18:21
4,29,스포츠,엘에이 fc 대 인터 마이애미,eogbfMaEheE,[MLS] 1R LAFC vs 인터 마이애미 손흥민 주요장면,쿠팡플레이 스포츠,2026-02-22 15:13,1903593,13620,2496,https://i.ytimg.com/vi/eogbfMaEheE/hqdefault.jpg,2026-02-25 18:21
4,29,스포츠,엘에이 fc 대 인터 마이애미,0BME-2Xe2wA,LAFC vs. Inter Miami CF | Full Match Highlights | Battle At The Coliseum,Major League Soccer,2026-02-22 14:11,2430413,32870,3234,https://i.ytimg.com/vi/0BME-2Xe2wA/hqdefault.jpg,2026-02-25 18:21
4,30,스포츠,mls,0BME-2Xe2wA,LAFC vs. Inter Miami CF | Full Match Highlights | Battle At The Coliseum,Major League Soccer,2026-02-22 14:11,2430413,32870,3234,https://i.ytimg.com/vi/0BME-2Xe2wA/hqdefault.jpg,2026-02-25 18:21
4,30,스포츠,mls,Xe41X-tC8HI,"LA Galaxy vs. New York City Penalty, Red Cards and Disallowed Goal | Instant Replay",Major League Soccer,2026-02-24 22:30,7893,261,71,https://i.ytimg.com/vi/Xe41X-tC8HI/hqdefault.jpg,2026-02-25 18:21
4,30,스포츠,mls,Lxb0UKAyPHs,Every Goal From Matchday 1!,Major League Soccer,2026-02-24 04:08,19498,597,41,https://i.ytimg.com/vi/Lxb0UKAyPHs/hqdefault.jpg,2026-02-25 18:21
4,31,스포츠,챔피언스리그,7DwI_FhWHjI,"'브뤼헤 돌풍' 잠재운 해트트릭! 쇠를로트, AT 마드리드 16강 이끌다 #SPOTIME #UCL",스포타임,2026-02-25 09:03,110243,917,156,https://i.ytimg.com/vi/7DwI_FhWHjI/hqdefault.jpg,2026-02-25 18:21
4,31,스포츠,챔피언스리그,WGq2CRRMnS4,[25/26 UCL] AT 마드리드 vs 브뤼헤 3분 하이라이트｜SPOTV FOOTBALL,SPOTV,2026-02-25 14:00,20524,328,57,https://i.ytimg.com/vi/WGq2CRRMnS4/hqdefault.jpg,2026-02-25 18:21
4,31,스포츠,챔피언스리그,tJqhBlEDlbM,"노르웨이 변방 클럽의 기적! 보되, 창단 109년 만에 첫 'UCL 16강' #SPOTIME #UCL",스포타임,2026-02-25 11:23,110963,1067,373,https://i.ytimg.com/vi/tJqhBlEDlbM/hqdefault.jpg,2026-02-25 18:21
4,32,스포츠,인테르,NEOVmbeoJls,[25/26 UCL] 인터 밀란 vs 보되/글림트 3분 하이라이트｜SPOTV FOOTBALL,SPOTV,2026-02-25 14:00,23599,399,125,https://i.ytimg.com/vi/NEOVmbeoJls/hqdefault.jpg,2026-02-25 18:21
4,32,스포츠,인테르,kKg5ae9Ofrg,인테르 광탈... 우리는 찬우형을 챔스에서 볼 수 없게 됐습니다ㅠㅠㅣ후토크,이스타TV,2026-02-25 09:13,102716,1637,385,https://i.ytimg.com/vi/kKg5ae9Ofrg/hqdefault.jpg,2026-02-25 18:21
4,32,스포츠,인테르,tJqhBlEDlbM,"노르웨이 변방 클럽의 기적! 보되, 창단 109년 만에 첫 'UCL 16강' #SPOTIME #UCL",스포타임,2026-02-25 11:23,110963,1067,373,https://i.ytimg.com/vi/tJqhBlEDlbM/hqdefault.jpg,2026-02-25 18:21
4,33,스포츠,토트넘 대 아스널,9oN5E6DE9Zg,[프리미어리그] 12R 아스날 vs 토트넘 2분 하이라이트,쿠팡플레이 스포츠,2025-11-24 07:00,765409,5520,2139,https://i.ytimg.com/vi/9oN5E6DE9Zg/hqdefault.jpg,2026-02-25 18:22
4,33,스포츠,토트넘 대 아스널,dAsd8ORMg9M,[친선경기] 아스날 vs 토트넘 홋스퍼 풀 하이라이트,쿠팡플레이 스포츠,2025-08-01 00:15,1561220,10909,2651,https://i.ytimg.com/vi/dAsd8ORMg9M/hqdefault.jpg,2026-02-25 18:22
4,33,스포츠,토트넘 대 아스널,myatMnuZE14,"[속보] 손흥민 떠나자마자 강등된다고? 토트넘 또 졌다 강등 현실화! 감독 교체도 소용없었다! 16위 추락, 진짜로 강등권 눈앞! 투도르 감독 데뷔전 아스날전 대참패!",풋볼 포레스트 - Forrest Football,2026-02-23 03:38,80843,1124,437,https://i.ytimg.com/vi/myatMnuZE14/hqdefault.jpg,2026-02-25 18:22
4,34,스포츠,노시환,AMzjNiA7sms,"""처음엔 5년 계약 생각했는데..."" 한화 노시환, 사상 초유 '11년 307억' 계약 후기 / 스포츠머그",스포츠머그 - SPORTSMUG,2026-02-23 17:42,62427,617,451,https://i.ytimg.com/vi/AMzjNiA7sms/hqdefault.jpg,2026-02-25 18:22
4,34,스포츠,노시환,iI8kKLKIpxo,"[오피셜] '종신 한화' 선언 노시환, 역대 최장·최대 규모 11년 307억원 비FA 다년계약 현장! ",Eagles TV,2026-02-23 08:05,312536,7738,2501,https://i.ytimg.com/vi/iI8kKLKIpxo/hqdefault.jpg,2026-02-25 18:22
4,34,스포츠,노시환,tgE5WgLSNJk,"노시환, '11년 307억' 초대형 계약...한화 이글스 '레전드' 예약 [지금이뉴스]  / YTN", YTN,2026-02-23 13:43,75291,312,1007,https://i.ytimg.com/vi/tgE5WgLSNJk/hqdefault.jpg,2026-02-25 18:22
4,35,스포츠,레알 에스파냐 대 엘에이 fc,sWDSAk1ab4s,LA 손흥민 녹색완장 차고 등장ㄷㄷㄷ ( lafc 대 레알 에스파냐 ),디피풋볼  DPFUTBOL,2026-02-25 14:16,22682,639,3,https://i.ytimg.com/vi/sWDSAk1ab4s/hqdefault.jpg,2026-02-25 18:22
4,35,스포츠,레알 에스파냐 대 엘에이 fc,XAci_Au-ojM,전반전 끝났는데 어시스트 3개?! l 2026 북중미 챔피언스컵 I 레알 에스파냐 vs LAFC,쿠팡플레이 스포츠,2026-02-18 13:08,557612,10097,674,https://i.ytimg.com/vi/XAci_Au-ojM/hqdefault.jpg,2026-02-25 18:22
4,35,스포츠,레알 에스파냐 대 엘에이 fc,9jF6v0ngI-I,손흥민의 2골 - 로스앤젤레스 대 레알 에스파냐 4-2 - 모든 골 및 하이라이트 - 2026년 2월 24일,بنات ماما,2026-02-24 02:59,19881,1296,0,https://i.ytimg.com/vi/9jF6v0ngI-I/hqdefault.jpg,2026-02-25 18:22
4,36,스포츠,psg 대 메스,vROImRIY5Tw,[리그 1] 16R 메스 vs PSG 이강인 주요장면,쿠팡플레이 스포츠,2025-12-14 06:44,1014981,5950,2355,https://i.ytimg.com/vi/vROImRIY5Tw/hqdefault.jpg,2026-02-25 18:22
4,36,스포츠,psg 대 메스,me3kUHXt8LU,[리그 1] 16R 메스 vs PSG 2분 하이라이트,쿠팡플레이 스포츠,2025-12-14 06:44,157005,1104,218,https://i.ytimg.com/vi/me3kUHXt8LU/hqdefault.jpg,2026-02-25 18:22
4,36,스포츠,psg 대 메스,_PIij_SWAWs,[리그 1] 16R 메스 vs PSG 이브라힘 음바예 주요장면,쿠팡플레이 스포츠,2025-12-14 06:44,961,14,6,https://i.ytimg.com/vi/_PIij_SWAWs/hqdefault.jpg,2026-02-25 18:22
4,37,스포츠,울브스 대 아스널,5HT4N82JkfQ,[프리미어리그] 16R 아스날 vs 울버햄튼 2분 하이라이트,쿠팡플레이 스포츠,2025-12-14 08:54,658250,3392,1026,https://i.ytimg.com/vi/5HT4N82JkfQ/hqdefault.jpg,2026-02-25 18:22
4,37,스포츠,울브스 대 아스널,YNcmy1EW4-s,[프리미어리그] 16R 아스날 vs 울버햄튼 황희찬 주요장면,쿠팡플레이 스포츠,2025-12-14 09:03,36648,252,256,https://i.ytimg.com/vi/YNcmy1EW4-s/hqdefault.jpg,2026-02-25 18:22
4,37,스포츠,울브스 대 아스널,djo0qoRt2mI,울버햄튼 자책골 2방으로 2 : 1 승리하는 아스날 l 프리미어리그 I 아스날 vs 울버햄튼,쿠팡플레이 스포츠,2025-12-14 07:39,73450,1150,109,https://i.ytimg.com/vi/djo0qoRt2mI/hqdefault.jpg,2026-02-25 18:22
4,38,스포츠,맨 시티 대 뉴캐슬,PnYZPuHOyTI,[카라바오컵] 뉴캐슬 vs 맨시티 2분 하이라이트,쿠팡플레이 스포츠,2026-01-14 07:59,340482,2486,487,https://i.ytimg.com/vi/PnYZPuHOyTI/hqdefault.jpg,2026-02-25 18:22
4,38,스포츠,맨 시티 대 뉴캐슬,4RPhyYNXBiE,[카라바오컵] 맨시티 vs 뉴캐슬 오마르 마르무시 주요장면,쿠팡플레이 스포츠,2026-02-05 08:09,4475,66,19,https://i.ytimg.com/vi/4RPhyYNXBiE/hqdefault.jpg,2026-02-25 18:22
4,38,스포츠,맨 시티 대 뉴캐슬,fY2eTJzQeHo,[카라바오컵] 맨시티 vs 뉴캐슬 2분 하이라이트,쿠팡플레이 스포츠,2026-02-05 08:09,389874,2703,366,https://i.ytimg.com/vi/fY2eTJzQeHo/hqdefault.jpg,2026-02-25 18:22
4,38,스포츠,맨 시티 대 뉴캐슬,phGWu938_38,[프리미어리그] 12R 뉴캐슬 vs 맨시티 2분 하이라이트,쿠팡플레이 스포츠,2025-11-23 07:00,338395,2444,657,https://i.ytimg.com/vi/phGWu938_38/hqdefault.jpg,2026-02-25 18:22
4,38,스포츠,맨 시티 대 뉴캐슬,4Q8ryJWZIbo,[카라바오컵] 뉴캐슬 vs 맨시티 제레미 도쿠 주요장면,쿠팡플레이 스포츠,2026-01-14 07:58,12099,127,41,https://i.ytimg.com/vi/4Q8ryJWZIbo/hqdefault.jpg,2026-02-25 18:22
4,38,스포츠,맨 시티 대 뉴캐슬,Kh4Bz2xenRk,[프리미어리그] 12R 뉴캐슬 vs 맨시티 하비 반스 주요장면,쿠팡플레이 스포츠,2025-11-23 07:00,5817,65,14,https://i.ytimg.com/vi/Kh4Bz2xenRk/hqdefault.jpg,2026-02-25 18:22
4,38,스포츠,맨 시티 대 뉴캐슬,JtsBT8vl2dM,역대급  맨시티 버스ㄷㄷㄷ,쇼츠라이트,2025-07-16 09:00,789427,5071,107,https://i.ytimg.com/vi/JtsBT8vl2dM/hqdefault.jpg,2026-02-25 18:22
4,38,스포츠,맨 시티 대 뉴캐슬,338qx0f4nOY,Extended Highlights | Man City 3-1 Newcastle | City are heading to Wembley,Man City,2026-02-05 09:01,2123980,30180,919,https://i.ytimg.com/vi/338qx0f4nOY/hqdefault.jpg,2026-02-25 18:22
4,38,스포츠,맨 시티 대 뉴캐슬,cFaLH8Own0g,Newcastle United 2 Manchester City 1 | EXTENDED Premier League Highlights,Newcastle United,2025-11-23 09:00,1391680,13339,1021,https://i.ytimg.com/vi/cFaLH8Own0g/hqdefault.jpg,2026-02-25 18:22
4,38,스포츠,맨 시티 대 뉴캐슬,_zCNQP3k76w,"[LIVE] 리그컵 4강 1차전, 뉴캐슬vs맨시티",이스타TV,2026-01-14 07:14,26529,139,5,https://i.ytimg.com/vi/_zCNQP3k76w/hqdefault.jpg,2026-02-25 18:22
4,38,스포츠,맨 시티 대 뉴캐슬,aYVvq-Okvts,DRAMA AT ST JAMES' PARK | Newcastle United v Manchester City Extended Highlights,EFL,2026-01-14 08:45,1702868,19370,1067,https://i.ytimg.com/vi/aYVvq-Okvts/hqdefault.jpg,2026-02-25 18:22
4,38,스포츠,맨 시티 대 뉴캐슬,PtY-iaOhMNw,EXTENDED HIGHLIGHTS Man City 4-0 Newcastle | Marmoush HAT-TRICK and McAtee goal!,Man City,2025-02-17 09:00,1533320,21882,609,https://i.ytimg.com/vi/PtY-iaOhMNw/hqdefault.jpg,2026-02-25 18:22
4,38,스포츠,맨 시티 대 뉴캐슬,c_ilYKmf3Mg,EXTENDED HIGHLIGHTS | Newcastle United 0-2 Man City | Semenyo & Cherki give Blues first-leg win!,Man City,2026-01-14 09:49,1769691,29263,1177,https://i.ytimg.com/vi/c_ilYKmf3Mg/hqdefault.jpg,2026-02-25 18:22
4,38,스포츠,맨 시티 대 뉴캐슬,wNIWJZV42gw,[25/26 UCL] 레알 마드리드 vs 맨시티 3분 하이라이트｜SPOTV FOOTBALL,SPOTV,2025-12-11 14:01,1094741,6649,767,https://i.ytimg.com/vi/wNIWJZV42gw/hqdefault.jpg,2026-02-25 18:22
4,38,스포츠,맨 시티 대 뉴캐슬,ifUF4VebZ-8,Newcastle United 0 Manchester City 2 | EXTENDED Carabao Cup Highlights ,Newcastle United,2026-01-14 09:03,99419,1309,237,https://i.ytimg.com/vi/ifUF4VebZ-8/hqdefault.jpg,2026-02-25 18:22
4,38,스포츠,맨 시티 대 뉴캐슬,VFvYqw-eoWs,"모두가 끝났다고 생각한 순간, 덕배가 등장하면 생기는 충격적인 일.. (맨시티 vs 뉴캐슬)",스포츠 미디어,2025-05-31 16:19,2427,14,0,https://i.ytimg.com/vi/VFvYqw-eoWs/hqdefault.jpg,2026-02-25 18:22
4,38,스포츠,맨 시티 대 뉴캐슬,I_K0shtqhIk,"[4K] 진화한 맨시티, 3연승 도전! l 뉴캐슬 vs 맨시티 프리뷰 l 쿠팡플레이",쿠팡플레이 스포츠,2025-11-21 08:59,9964,125,59,https://i.ytimg.com/vi/I_K0shtqhIk/hqdefault.jpg,2026-02-25 18:22
4,38,스포츠,맨 시티 대 뉴캐슬,ZDw4RC6Brhk,[프리미어리그] 14R 풀럼 vs 맨시티 2분 하이라이트,쿠팡플레이 스포츠,2025-12-03 08:14,436688,4133,855,https://i.ytimg.com/vi/ZDw4RC6Brhk/hqdefault.jpg,2026-02-25 18:22
4,38,스포츠,맨 시티 대 뉴캐슬,q1kNQEsUf48,뉴캐슬? 맨시티? 토트넘이 빅클럽이다,스네마,2025-09-06 11:13,19379,108,11,https://i.ytimg.com/vi/q1kNQEsUf48/hqdefault.jpg,2026-02-25 18:22
4,38,스포츠,맨 시티 대 뉴캐슬,0ywp1X_2Uls,[프리미어리그] 18R 맨유 vs 뉴캐슬 2분 하이라이트,쿠팡플레이 스포츠,2025-12-27 08:39,437316,3290,585,https://i.ytimg.com/vi/0ywp1X_2Uls/hqdefault.jpg,2026-02-25 18:22
4,38,스포츠,맨 시티 대 뉴캐슬,HIgzQ4TTGgI,뉴캐슬 절친 만나서 신나버린 손흥민 반응ㅋㅋ,언리얼 보이,2025-01-05 21:42,4528367,32157,240,https://i.ytimg.com/vi/HIgzQ4TTGgI/hqdefault.jpg,2026-02-25 18:22
4,38,스포츠,맨 시티 대 뉴캐슬,hg1TFbRw3KY,De Bruyne’s Stunning Return | Newcastle United 2-3 Man City | 2023/24 Premier League Highlights,Premier League,2025-02-15 18:01,102270,1508,86,https://i.ytimg.com/vi/hg1TFbRw3KY/hqdefault.jpg,2026-02-25 18:22
4,38,스포츠,맨 시티 대 뉴캐슬,ij95pmN4lls,맨유가 버렸는데 몸값 ‘1000억’된 축구선수,오늘의 킥오프,2025-07-13 19:41,917050,7537,253,https://i.ytimg.com/vi/ij95pmN4lls/hqdefault.jpg,2026-02-25 18:22
4,38,스포츠,맨 시티 대 뉴캐슬,kay2Eh0gmFA,교체 아웃되고 빡친 양팀 선수,프로직관러,2024-05-15 11:57,21881406,145780,1000,https://i.ytimg.com/vi/kay2Eh0gmFA/hqdefault.jpg,2026-02-25 18:22
4,38,스포츠,맨 시티 대 뉴캐슬,9EfNdZ6PPAI,[맨시티vs뉴캐슬] 진지하게 강팀 느낌 안나는 맨시티 ㅠㅠ,공감입니다,2024-09-28 22:31,44371,712,85,https://i.ytimg.com/vi/9EfNdZ6PPAI/hqdefault.jpg,2026-02-25 18:22
