run_id,keyword_id,youtube_id,title,channel_title,published_at,view_count,like_count,comment_count,thumbnail_url,collected_at
1,1,81taNqwuSWc,AMD CEO Lisa Su: We want to place bets on who will be AI winners going forward,CNBC Television,2026-02-25 01:40,30654,320,181,https://i.ytimg.com/vi/81taNqwuSWc/hqdefault.jpg,2026-02-25 16:09
1,1,CxwpwIrc55Y,AMD Hype Cycle Just Started‼️,Jeremy Lefebvre Makes Money,2026-02-25 09:18,27278,2690,355,https://i.ytimg.com/vi/CxwpwIrc55Y/hqdefault.jpg,2026-02-25 16:09
1,1,oVJh0X2HgCI,"AMD's $100B META Deal Shows ""Two Worlds"" in Training & Inferencing",Schwab Network,2026-02-25 08:01,2068,33,1,https://i.ytimg.com/vi/oVJh0X2HgCI/hqdefault.jpg,2026-02-25 16:09
1,2,k1hOCwtDevg,9년 전 AMD에 1억을 투자했다면?,청년개미의 10억 모으기,2024-12-15 18:33,360763,1419,138,https://i.ytimg.com/vi/k1hOCwtDevg/hqdefault.jpg,2026-02-25 16:09
1,2,2M4kHmoLO6E,[LIVE] 증시 흔든 ‘AI 공포’ | AMD·메타 장기 파트너십 | 애플 신제품 공개 | 다이먼 “금융위기 이전과 유사 징후” | 트럼프 국정연설 | 미오라 | 02/24,한국경제TV 글로벌,2026-02-25 00:11,9192,181,1,https://i.ytimg.com/vi/2M4kHmoLO6E/hqdefault.jpg,2026-02-25 16:09
1,2,-1Q3mG-JcrM,"AMD 주가는 '여기'까지 올라갑니다! (주식 전망, 실적발표)",헌터 미국 주식,2026-02-04 19:55,2644,24,15,https://i.ytimg.com/vi/-1Q3mG-JcrM/hqdefault.jpg,2026-02-25 16:09
1,3,bO4l-28M0lc,"[SK하이닉스 주가전망] 💥방금, 발표했습니다. 결국 나올게 나왔습니다. 필수시청  #sk하이닉스 #sk하이닉스주가전망 #sk하이닉스주가",투자타이밍,2026-02-25 11:30,2634,471,0,https://i.ytimg.com/vi/bO4l-28M0lc/hqdefault.jpg,2026-02-25 16:09
1,3,cdp6Hkp5FSw,"SK하이닉스 주가 전망. 역사적인 오늘, 심상치 않았죠? 내일 주가 감히 맞춰보겠습니다. 반드시 체크해보세요. 2월 24일 방송.",세력버스_,2026-02-24 18:02,8272,477,14,https://i.ytimg.com/vi/cdp6Hkp5FSw/hqdefault.jpg,2026-02-25 16:09
1,3,6Ju3IIHodp4,SK하이닉스주가전망 2월25일 공시발표 드디어 나왔습니다! 준비하세요 #sk하이닉스 #sk하이닉스주가전망 #sk하이닉스주가,투자타이밍,2026-02-25 14:15,2464,304,0,https://i.ytimg.com/vi/6Ju3IIHodp4/hqdefault.jpg,2026-02-25 16:09
1,4,DdGAAGgSoZc,홍대 길거리 실물투표,김인호TV,2026-02-24 19:30,74239,781,113,https://i.ytimg.com/vi/DdGAAGgSoZc/hqdefault.jpg,2026-02-25 16:09
1,4,d9X3QChTvG4,생일선물로 이건 처음 받아보네;,김인호TV,2026-02-18 21:15,145692,1276,117,https://i.ytimg.com/vi/d9X3QChTvG4/hqdefault.jpg,2026-02-25 16:09
1,4,kPIfB-bffVc,꽃뱀한테 제대로 물렸습니다..,김인호TV,2026-02-08 22:01,116205,907,93,https://i.ytimg.com/vi/kPIfB-bffVc/hqdefault.jpg,2026-02-25 16:09
1,5,vHOLJAGqLOQ,"""2달 뒤 비트코인에 대한 충격 전망"", 무시무시한 가격 예측 나왔다  ( 정구태 대표 )",경제 원탑,2026-02-25 12:30,7275,369,25,https://i.ytimg.com/vi/vHOLJAGqLOQ/hqdefault.jpg,2026-02-25 16:09
1,5,0SFSOWHwaUQ,비트코인 트럼프 첫 국정연설 여파로 가격 변동성 커질까? 이란 미국 지정학 갈등 엔비디아 실적발표 시장구조법안까지 이슈 즐비! 이더리움 리플 솔라나,박작가의 크립토연구소,2026-02-25 10:30,6626,709,17,https://i.ytimg.com/vi/0SFSOWHwaUQ/hqdefault.jpg,2026-02-25 16:09
1,5,RyOrBmiAaCI,"""베센트의 선거 전략 밝혀졌다"" 금 비트코인 하락한 진짜 이유 [이슈임당]",신사임당,2026-02-25 14:45,6982,438,10,https://i.ytimg.com/vi/RyOrBmiAaCI/hqdefault.jpg,2026-02-25 16:09
1,6,6j928wBZ_Bo,Jessi (제시) - 'ZOOM' MV,Jessi,2022-04-13 18:00,245355028,3843478,51602,https://i.ytimg.com/vi/6j928wBZ_Bo/hqdefault.jpg,2026-02-25 16:09
1,6,6WCiPEH6Cak,ZOOM,Red Velvet - Topic,2022-11-28 18:09,6603489,62159,477,https://i.ytimg.com/vi/6WCiPEH6Cak/hqdefault.jpg,2026-02-25 16:09
1,6,8U925VTjOGs,줌(Zoom) 초간단 사용법 |  화상 회의에 참석하기.  회의 개설하기.  줌 초보자를 위한 설명서  |  온라인 화상 회의,"엄마, 내가 알려줄게",2021-10-23 17:13,264768,4815,186,https://i.ytimg.com/vi/8U925VTjOGs/hqdefault.jpg,2026-02-25 16:09
1,6,aDEnerwR0JQ,Jessi 'ZOOM' Lyrics (제시 ZOOM 가사) (Color Coded Lyrics),Jaeguchi,2022-04-13 18:16,6248435,55157,503,https://i.ytimg.com/vi/aDEnerwR0JQ/hqdefault.jpg,2026-02-25 16:09
1,6,K9epM8eyFRE,ZOOM,BADVILLAIN - Topic,2025-01-01 00:00,1269270,13497,116,https://i.ytimg.com/vi/K9epM8eyFRE/hqdefault.jpg,2026-02-25 16:09
1,6,79lQoOsck-8,"염따 (YUMDDA) - ""zoom"" [Official Music Video]",염따,2019-02-13 17:59,6166566,50161,6920,https://i.ytimg.com/vi/79lQoOsck-8/hqdefault.jpg,2026-02-25 16:09
1,6,4GMifEWBTH4,"[모동숲 ASMR] 줌 스터디 60분 집중 타이머 ⏰ | 겨울 이른 새벽, 공부하기 좋은 백색소음 | ACNH | あつ森 | 동물의숲",코코블럭 cocoblock,2025-11-01 18:00,567283,16884,305,https://i.ytimg.com/vi/4GMifEWBTH4/hqdefault.jpg,2026-02-25 16:09
1,6,DEHBrmZxAf8,Zoom Zoom Zoom We're Going to The Moon - The Kiboomers Preschool Songs For Circle Time,The Kiboomers - Kids Music Channel,2016-01-22 02:30,12937407,19100,0,https://i.ytimg.com/vi/DEHBrmZxAf8/hqdefault.jpg,2026-02-25 16:09
1,6,7WSmAo7kSoo,USPEER (유스피어) 'ZOOM' MV,USPEER OFFICIAL,2025-06-04 18:00,5485586,0,1329,https://i.ytimg.com/vi/7WSmAo7kSoo/hqdefault.jpg,2026-02-25 16:09
1,6,5ZxKtrOpq_A,줌미팅 누워서 하면 눈치 챌까?ㅋㅋㅋㅋㅋ,웃소 Wootso,2024-05-02 18:00,5792764,130570,370,https://i.ytimg.com/vi/5ZxKtrOpq_A/hqdefault.jpg,2026-02-25 16:09
1,6,jgLn0jX61Vk,BADVILLAIN - 'ZOOM' Dance Practice [MIRRORED],BLACK CAT,2024-11-22 21:29,571526,7685,76,https://i.ytimg.com/vi/jgLn0jX61Vk/hqdefault.jpg,2026-02-25 16:09
1,6,A85HpogqUAM,"줌(Zoom) 화상 회의 개설하기/참석자 초대하기/회의 참석하기 I 줌(Zoom) 초보자를 위한 기본 사용법, 온라인 화상 회의",내일도 출근 I 직장인 IT 꿀팁 저장소,2024-10-25 17:30,5607,46,4,https://i.ytimg.com/vi/A85HpogqUAM/hqdefault.jpg,2026-02-25 16:09
1,6,sQu7weVb9og,초보자도 쉽게 하는 스마트폰 줌zoom사용법 이것만은 꼭 기억해자,스마트 라라힐,2022-05-07 20:12,26884,426,28,https://i.ytimg.com/vi/sQu7weVb9og/hqdefault.jpg,2026-02-25 16:09
1,6,uiZzcBLWrQo,줌 ZOOM 사용법 화상회의 꿀팁 모음(온라인 수업),디지털거북이,2022-12-13 18:05,47540,1040,55,https://i.ytimg.com/vi/uiZzcBLWrQo/hqdefault.jpg,2026-02-25 16:09
1,6,watg4WNby2o,1분만에 휴대폰에서 줌 가입하는 방법,makings_korea,2021-03-06 08:00,15852,117,0,https://i.ytimg.com/vi/watg4WNby2o/hqdefault.jpg,2026-02-25 16:09
1,6,TYpD1VBQYFM,'최초 공개' USPEER (유스피어) - ZOOM #엠카운트다운 EP.891 | Mnet 250605 방송,Mnet K-POP,2025-06-05 19:10,68576,2664,214,https://i.ytimg.com/vi/TYpD1VBQYFM/hqdefault.jpg,2026-02-25 16:09
1,6,-yLfVziwsoY,Jessi (제시) - 'ZOOM' Dance Practice Mirrored,BLACK CAT,2022-04-13 18:08,15372495,224804,1724,https://i.ytimg.com/vi/-yLfVziwsoY/hqdefault.jpg,2026-02-25 16:09
1,6,lZKdsA5OsQM,Jessi 제시 - 'ZOOM' | 커버댄스 DANCE COVER | 안무 거울모드 MIRROR MODE,MORE THAN YOUTH,2022-04-27 18:00,1272760,21664,169,https://i.ytimg.com/vi/lZKdsA5OsQM/hqdefault.jpg,2026-02-25 16:09
1,6,VvpHKgOL0H8,미소녀가 무료로 웃겨줌,하츠온하츠,2026-02-24 23:11,53357,1179,21,https://i.ytimg.com/vi/VvpHKgOL0H8/hqdefault.jpg,2026-02-25 16:09
1,6,R9IhOSl4uG4,[6회/풀버전] '사랑해ZOOM' ♬ZOOM(줌) - Jessi(제시) @ 듀얼 포지션 배틀,Mnet K-POP,2023-03-09 23:54,6007095,137837,8168,https://i.ytimg.com/vi/R9IhOSl4uG4/hqdefault.jpg,2026-02-25 16:09
1,6,dAt5yBOCOiU,[NEW] 춤발라 카춤발라 댄스 | 째깍째깍 12시가 되면 장난꾸러기 해골들이 나타난대! | 할로윈 동요 | 할로윈 노래 | 핑크퐁! 인기동요,핑크퐁 (인기 동요・동화),2020-10-15 19:00,2220112,2150,0,https://i.ytimg.com/vi/dAt5yBOCOiU/hqdefault.jpg,2026-02-25 16:09
1,6,AQOUq14hNFc,[릴레이댄스] 제시(Jessi) - ZOOM (4K),M2,2022-04-16 18:00,10630407,279609,3441,https://i.ytimg.com/vi/AQOUq14hNFc/hqdefault.jpg,2026-02-25 16:09
1,6,e_LfA9L8H_E,줌(Zoom) 프로그램 다운로드 및 설치 방법 -  PC용,생꿀마켓,2020-09-10 13:12,81569,365,21,https://i.ytimg.com/vi/e_LfA9L8H_E/hqdefault.jpg,2026-02-25 16:09
1,6,ZQXfnG-7puw,"Zoom 사용법 강의(2025년), 100% 무료로 공개합니다. (줌)","이용현 미디어 (DB광고, 퍼널설계 전문)",2024-06-17 09:50,13982,275,62,https://i.ytimg.com/vi/ZQXfnG-7puw/hqdefault.jpg,2026-02-25 16:09
1,6,iZoxWHLkJb0,화상강의 수업을 위한 줌(zoom) 사용법 A부터 Z까지 | 초대방법3가지 가상배경 화면공유,누나IT,2020-04-02 20:10,642631,11866,342,https://i.ytimg.com/vi/iZoxWHLkJb0/hqdefault.jpg,2026-02-25 16:09
1,7,bNEBHQ1Vft8,[공모주] 케이뱅크 2일차 마감 / 증권사별 예상 수량,주식애소리,2026-02-23 17:21,34465,1045,51,https://i.ytimg.com/vi/bNEBHQ1Vft8/hqdefault.jpg,2026-02-25 16:09
1,7,PJ0fQaXPsvw,"케이뱅크 공모주 청약 마감(2일차) | 액스비스, 에스팀 1일차 | 기대 수익 비교",집돈버 구쯔,2026-02-23 17:23,23730,986,27,https://i.ytimg.com/vi/PJ0fQaXPsvw/hqdefault.jpg,2026-02-25 16:09
1,7,fc7xpcPEjWk,"케이뱅크, IPO 9부 능선 넘어…최우형 거취는",서울경제TV,2026-02-24 17:24,2411,10,1,https://i.ytimg.com/vi/fc7xpcPEjWk/hqdefault.jpg,2026-02-25 16:09
1,7,Wp_rx8EGlE8,케이뱅크 최종경쟁률... 균등 11주... 비례 112만원... 거의다 몰빵..!!!,빨간조끼아저씨,2026-02-23 17:09,15098,354,46,https://i.ytimg.com/vi/Wp_rx8EGlE8/hqdefault.jpg,2026-02-25 16:09
1,7,pQacL3Bwja4,케이뱅크 공모주 청약 끝! 예상 수익률은?,똑썸이 주식,2026-02-24 18:01,3625,24,0,https://i.ytimg.com/vi/pQacL3Bwja4/hqdefault.jpg,2026-02-25 16:09
1,7,7oRFCfgDIO0,"[공모주] 케이뱅크 청약 마감 결과 - 83만건, 9.83조 증거금! 액스비스 & 에스팀의 2일차 예상은?",공모주린이의 투자백서,2026-02-23 16:51,39788,1023,64,https://i.ytimg.com/vi/7oRFCfgDIO0/hqdefault.jpg,2026-02-25 16:09
1,7,1XfCve2SMD4,2026.2.23/ 케이뱅크 공모주 청약 마감 리뷰,재테크의 여왕 슈엔슈,2026-02-23 17:02,6176,181,24,https://i.ytimg.com/vi/1XfCve2SMD4/hqdefault.jpg,2026-02-25 16:09
1,7,cS7VjGemC1Y,[콕스톡] 케이뱅크 공모주 청약(2.20 ~ 2.23),콕스톡,2026-02-23 15:22,313,3,0,https://i.ytimg.com/vi/cS7VjGemC1Y/hqdefault.jpg,2026-02-25 16:09
1,7,SnYgLv8yR5I,"""이 가격이면 무조건 산다"" 투자자들이 케이뱅크에 줄 선 결정적 이유 3가지",줍스 ,2026-02-23 19:30,1435,16,0,https://i.ytimg.com/vi/SnYgLv8yR5I/hqdefault.jpg,2026-02-25 16:09
1,7,xN2CRh3JnEc,케이뱅크 공모주 청약 1일차 및 마감 예상 | 기대수익 가장 높은 곳은?,집돈버 구쯔,2026-02-20 17:44,37150,1163,35,https://i.ytimg.com/vi/xN2CRh3JnEc/hqdefault.jpg,2026-02-25 16:09
1,7,rVXBdpQ0-v4,"케이뱅크(K-Bank) 청약 전 필수 시청! 📉공모가 하단 확정, 기회일까 함정일까?",율빈아TV,2026-02-15 16:20,262,6,1,https://i.ytimg.com/vi/rVXBdpQ0-v4/hqdefault.jpg,2026-02-25 16:09
1,7,5mfRx1ix5Ic,케이뱅크 상장합니다,삼척첫눈,2026-02-20 16:33,4084,82,15,https://i.ytimg.com/vi/5mfRx1ix5Ic/hqdefault.jpg,2026-02-25 16:09
1,7,zYjy8Z01TWk,"케이뱅크 청약 결과 ㅣ 액스비스, 에스팀 청약 결과 예상",경제적자유민족,2026-02-23 17:19,30441,1045,51,https://i.ytimg.com/vi/zYjy8Z01TWk/hqdefault.jpg,2026-02-25 16:09
1,7,rn5PdtMI4WM,"케이뱅크, 청약 결과 예상 ㅣ 우리사주 미달 ㅣ 어느 증권사가 유리한가 ?",경제적자유민족,2026-02-21 16:00,58047,1284,60,https://i.ytimg.com/vi/rn5PdtMI4WM/hqdefault.jpg,2026-02-25 16:09
1,7,8L0xdVx2TcI,케이뱅크 균등 11주 = 130만원 공짜? 이것만 하세요,유미디어 주식투자,2026-02-21 03:51,7147,123,2,https://i.ytimg.com/vi/8L0xdVx2TcI/hqdefault.jpg,2026-02-25 16:09
1,7,0yIj7wY38YY,케이뱅크 공모주 청약~ 따상 가능할까~?,이동일,2026-02-24 12:15,8416,18,0,https://i.ytimg.com/vi/0yIj7wY38YY/hqdefault.jpg,2026-02-25 16:09
1,7,xwUAIoy_Ob4,"[공모주] 삼수생 케이뱅크, 드디어 등장! / 공모가 하단 확정.. 그럼 더 부담 없이 참여? / 예상 균등 & 경쟁률 & 기대 수익",주식애소리,2026-02-12 19:15,73734,2297,93,https://i.ytimg.com/vi/xwUAIoy_Ob4/hqdefault.jpg,2026-02-25 16:09
1,7,deTUZ1fupIg,케이뱅크 공모주 청약 전 같이 공부하기,공알남 - 공모주 알려주는 남자,2026-02-10 05:45,1735,14,0,https://i.ytimg.com/vi/deTUZ1fupIg/hqdefault.jpg,2026-02-25 16:09
1,7,eKkQvh6IuKc,"[오늘의 공모주] 케이뱅크 (공모가 밴드하단, 득일까? 실일까?)",공모주 한잔,2026-02-12 20:01,9772,390,17,https://i.ytimg.com/vi/eKkQvh6IuKc/hqdefault.jpg,2026-02-25 16:09
1,7,KmSPrtcGdgo,"케이뱅크 공모주 수요예측 | 카뱅 주가 상승 타이밍에 상장, 기대 수익률은?",집돈버 구쯔,2026-02-12 21:08,25164,1189,41,https://i.ytimg.com/vi/KmSPrtcGdgo/hqdefault.jpg,2026-02-25 16:09
1,7,EmjOP253xIA,2월 공모주 미리보기 ㅣ 케이뱅크 등장,경제적자유민족,2026-02-03 17:00,18097,843,24,https://i.ytimg.com/vi/EmjOP253xIA/hqdefault.jpg,2026-02-25 16:09
1,7,fZrEpZDZjis,"🔥케이뱅크 → 🟢삼수생의 복수극! 케이뱅크 vs 카카오뱅크, 승자는 이미 정해졌다?👉공모가 8300원 확정! 증거금 9.8조원 냉철한 분석 (feat. 에스팀)",주주노트,2026-02-24 07:15,431,15,0,https://i.ytimg.com/vi/fZrEpZDZjis/hqdefault.jpg,2026-02-25 16:09
1,7,YeE8524kHJY,"""기관 많이 들어왔다""…케이뱅크 IPO 청신호 / 한국경제TV뉴스",한국경제TV뉴스,2026-02-10 18:06,16445,139,9,https://i.ytimg.com/vi/YeE8524kHJY/hqdefault.jpg,2026-02-25 16:09
1,7,UjWPzbKV0Tw,"[공모주 청약마감] 액스비스 & 에스팀 청약 마감 결과 - 일반 종목에도 60만 이상의 청약, 두 종목 합쳐서 케이뱅크 이상의 증거금! 청약단위별 예상 비례배정수량은?",공모주린이의 투자백서,2026-02-24 16:35,22739,701,74,https://i.ytimg.com/vi/UjWPzbKV0Tw/hqdefault.jpg,2026-02-25 16:09
1,7,2fIFlHwy1NE,"케이뱅크 공모주 청약, 무조건 이 증권사로 가세요! (우리사주 미달 사태, 균등 비례 최적 가성비 전략)",Econ View Studio,2026-02-22 20:00,4238,34,0,https://i.ytimg.com/vi/2fIFlHwy1NE/hqdefault.jpg,2026-02-25 16:09
1,8,-OE0Bku0ihk,"기초생활수급자 근로장려금 생계급여는? 수급자 근로장려금, 지원금", 영숙아줌마TV,2026-02-24 19:15,1661,94,3,https://i.ytimg.com/vi/-OE0Bku0ihk/hqdefault.jpg,2026-02-25 16:09
1,8,2BZRQuk-NRQ,2026년 근로장려금 총정리! 신청대상.받는금액.신청기간.지급일.신청방법 한눈에 확인하세요,쫌아는아저씨,2026-02-12 19:00,4975,132,11,https://i.ytimg.com/vi/2BZRQuk-NRQ/hqdefault.jpg,2026-02-25 16:09
1,8,4uRyVuIdno8,"근로장려금 총정리 ! 얼마나 받을 수 있을까? (신청방법, 자격조건, 기간)",세무아나,2025-05-17 19:42,71538,406,74,https://i.ytimg.com/vi/4uRyVuIdno8/hqdefault.jpg,2026-02-25 16:09
1,9,_y6GnCG_Zik,"액스비스, 에스팀 공모주 청약 마감(2일차) | 배정수 체크하세요",집돈버 구쯔,2026-02-24 17:09,9696,551,18,https://i.ytimg.com/vi/_y6GnCG_Zik/hqdefault.jpg,2026-02-25 16:09
1,9,w8HJsAzoDVc,"액스비스, 에스팀 결과 ㅣ 몇주 받을까요 ?",경제적자유민족,2026-02-24 16:50,11671,585,58,https://i.ytimg.com/vi/w8HJsAzoDVc/hqdefault.jpg,2026-02-25 16:09
1,9,_BOiKqaXdXM,[공모주] 액스비스 & 에스팀 마감 / 예상 배정 수량은? / 가성비 구간은?,주식애소리,2026-02-24 16:59,14462,558,31,https://i.ytimg.com/vi/_BOiKqaXdXM/hqdefault.jpg,2026-02-25 16:09
1,10,NJUjU9ALj4A,[한국경제TV LIVE],한국경제TV,2023-02-09 00:03,86715726,58408,0,https://i.ytimg.com/vi/NJUjU9ALj4A/hqdefault_live.jpg,2026-02-25 16:09
1,10,S62f6RTy68U,"'투신이냐 사고냐'...한국투자증권 직원 추락사, 커지는 의혹",이포커스,2025-04-01 17:05,5444,34,4,https://i.ytimg.com/vi/S62f6RTy68U/hqdefault.jpg,2026-02-25 16:09
1,11,yDDlUSkBWDo,롯데 신격호 회장 장녀 신영주 충격 별세...,스타핫이슈,2026-02-22 18:38,6368,77,10,https://i.ytimg.com/vi/yDDlUSkBWDo/hqdefault.jpg,2026-02-25 16:09
1,11,kra-B42r6F0,"""유통업계의 대모"" 신영자 의장님을 추모하며",롯데재단,2026-02-24 14:18,2337,31,2,https://i.ytimg.com/vi/kra-B42r6F0/hqdefault.jpg,2026-02-25 16:09
1,11,zqMmMm7yaxc,"[신통방통] 신격호의 '아픈 손가락' 신영자 별세···롯데재단 ""사회공헌에 큰 힘""",뉴스TVCHOSUN,2026-02-23 11:52,241866,2144,268,https://i.ytimg.com/vi/zqMmMm7yaxc/hqdefault.jpg,2026-02-25 16:09
1,12,-yUQaYdTQ0w,Stocks Hit by AI-Disruption Fears as IBM Tumbles | Closing Bell,Bloomberg Podcasts,2026-02-24 06:47,13899,129,16,https://i.ytimg.com/vi/-yUQaYdTQ0w/hqdefault.jpg,2026-02-25 16:09
1,12,EFOtaqH2V_c,"IBM's $31 Billion Plunge Sparks Global IT Selloff, From TCS To Infosys Hit Over Anthropic's COBOL",Mint,2026-02-25 02:06,129702,984,146,https://i.ytimg.com/vi/EFOtaqH2V_c/hqdefault.jpg,2026-02-25 16:09
1,12,m3-7bnqXsMY,IBM 주가 역대급 '곤두박질'...월가 발칵 뒤집은 보고서 [지금이뉴스] / YTN, YTN,2026-02-24 16:30,479177,2812,629,https://i.ytimg.com/vi/m3-7bnqXsMY/hqdefault.jpg,2026-02-25 16:09
1,13,2XDUfGHdj40,"[자막뉴스] ""20시간이나 기다렸어요"" 에어로케이 상습 지연 이유는?",CJB NEWS,2026-01-07 09:20,602,4,0,https://i.ytimg.com/vi/2XDUfGHdj40/hqdefault.jpg,2026-02-25 16:09
1,13,oM1I8tlViCc,에어로k 비행기 사이즈가 좀... 작네요. 비행에 문제 없겠죠? 승무원들 엄청 친절 & 음악도 핫핫 #에어로케이 #에어로k #일본,프로 야근러 더마코스메틱 CEO 의 1일 1영상~  ,2025-09-14 07:38,87533,140,78,https://i.ytimg.com/vi/oM1I8tlViCc/hqdefault.jpg,2026-02-25 16:09
1,13,3Qrw404LjPU,"에어로케이, 이 영상만 보고 가도 충분합니다   ",몬크,2025-10-30 22:23,2396,64,3,https://i.ytimg.com/vi/3Qrw404LjPU/hqdefault.jpg,2026-02-25 16:09
1,14,dgafCU6STIU,노보 노디스크(NVO) 2월 24일 -15% 폭락!  지금 사면 절대 안 되는 이유 긴급 분석,미주가 (미국 주식 가이드),2026-02-24 01:14,699,11,5,https://i.ytimg.com/vi/dgafCU6STIU/hqdefault.jpg,2026-02-25 16:10
1,14,5cz_EveJQ2o,"노보노디스크 ‘급락’…비만치료제 왕좌, 릴리로 넘어가나",서울경제TV,2026-02-24 18:30,794,3,0,https://i.ytimg.com/vi/5cz_EveJQ2o/hqdefault.jpg,2026-02-25 16:10
1,14,0qzzy-5wtGs,노보노디스크 위고비 몰락의 진짜 이유,비밀서점,2026-02-25 05:00,39,3,0,https://i.ytimg.com/vi/0qzzy-5wtGs/hqdefault.jpg,2026-02-25 16:10
1,15,9Cl1-39Gn7o,[희망이가 알려드림🌟] 국가장학금과 학자금대출! 어떻게 신청하죠?,한국장학재단,2025-11-17 15:20,127416,0,102,https://i.ytimg.com/vi/9Cl1-39Gn7o/hqdefault.jpg,2026-02-25 16:10
1,15,jxAk9SrTtfM,"학자금 통합신청, 이거 하나면 끝!  | 장학특급",한국장학재단,2025-12-09 18:29,2823,0,44,https://i.ytimg.com/vi/jxAk9SrTtfM/hqdefault.jpg,2026-02-25 16:10
1,15,3KOTU2BOzYM,"""국가장학금 덕""...한국장학재단에 11억 기부한 20대 [지금이뉴스] / YTN", YTN,2023-09-26 14:52,127658,2757,662,https://i.ytimg.com/vi/3KOTU2BOzYM/hqdefault.jpg,2026-02-25 16:10
1,16,pFOgSURsFkM,"""중국 위안화에도 박살났다""…일본 엔화 실질 가치, 30년 만에 3분의 1토막 '충격'",서울경제TV,2026-02-22 12:15,16793,146,151,https://i.ytimg.com/vi/pFOgSURsFkM/hqdefault.jpg,2026-02-25 16:10
1,16,VLEx9ZGp5VM,엔화 약세에 돈까지 푼다?!😮 ‘사나에노믹스’가 던진 일본 경제 승부수💴 그렇다면 한국의 선택은? | 장르가 머니 47회 | JTBC 260220 방송,교양 Voyage,2026-02-20 20:00,23426,21,1,https://i.ytimg.com/vi/VLEx9ZGp5VM/hqdefault.jpg,2026-02-25 16:10
1,16,e02ht9YjRr0,환율•금리•엔화•금...2026년 향방은? [최준영 박사 1부],머니올라_KBS,2026-01-01 07:00,41401,787,53,https://i.ytimg.com/vi/e02ht9YjRr0/hqdefault.jpg,2026-02-25 16:10
1,17,w8HJsAzoDVc,"액스비스, 에스팀 결과 ㅣ 몇주 받을까요 ?",경제적자유민족,2026-02-24 16:50,11671,585,58,https://i.ytimg.com/vi/w8HJsAzoDVc/hqdefault.jpg,2026-02-25 16:10
1,17,_BOiKqaXdXM,[공모주] 액스비스 & 에스팀 마감 / 예상 배정 수량은? / 가성비 구간은?,주식애소리,2026-02-24 16:59,14462,558,31,https://i.ytimg.com/vi/_BOiKqaXdXM/hqdefault.jpg,2026-02-25 16:10
1,17,_y6GnCG_Zik,"액스비스, 에스팀 공모주 청약 마감(2일차) | 배정수 체크하세요",집돈버 구쯔,2026-02-24 17:09,9659,551,18,https://i.ytimg.com/vi/_y6GnCG_Zik/hqdefault.jpg,2026-02-25 16:10
1,18,cP249kaSjQA,2026학년도 공주대 예상 수시등급 –  [교과] 일반 내신등급,내신닷컴,2025-08-26 10:00,7180,47,4,https://i.ytimg.com/vi/cP249kaSjQA/hqdefault.jpg,2026-02-25 16:10
1,18,SE-b5MJfl7U,"""공주대학교 프린세스메이커학과"" 학생이 입대한다면? #만우절",시옷시옷,2024-03-31 12:00,610517,20943,394,https://i.ytimg.com/vi/SE-b5MJfl7U/hqdefault.jpg,2026-02-25 16:10
1,19,F9Q-vuM07L4,[주식]🚨2월 25일 당장 매수!! 미친 급등 터질 주식 '딱 3종목'🔥#급등주 #로봇관련주 #배터리 #2차전지 #로봇주 #코스피 #코스닥 #연기금 #국민연금 #원전주｜리드남,주식 재벌 - 주먹남 리드남의 급등주,2026-02-24 20:30,31761,3593,155,https://i.ytimg.com/vi/F9Q-vuM07L4/hqdefault.jpg,2026-02-25 16:10
1,19,4CGv5lDwQwg,"""수십년 투자하며 깨달았다"" 이익은 극대화 하고 손실은 최소화하는 최적의 실전 투자 방법 (이광수 대표 2부)",책과삶,2026-02-24 19:00,34108,1141,53,https://i.ytimg.com/vi/4CGv5lDwQwg/hqdefault.jpg,2026-02-25 16:10
1,19,53rJ3cq1Zxw,"삼성전자 SK하이닉스 충격신호 떴다, 말도 안되는 저평가 2차전지 '이 주식' 바닥에서 곧 억소리나게 오를 겁니다 [인생주식]",주식장인,2026-02-24 18:00,188440,0,848,https://i.ytimg.com/vi/53rJ3cq1Zxw/hqdefault.jpg,2026-02-25 16:10
2,20,9oN5E6DE9Zg,[프리미어리그] 12R 아스날 vs 토트넘 2분 하이라이트,쿠팡플레이 스포츠,2025-11-24 07:00,765409,5520,2139,https://i.ytimg.com/vi/9oN5E6DE9Zg/hqdefault.jpg,2026-02-25 16:10
2,20,myatMnuZE14,"[속보] 손흥민 떠나자마자 강등된다고? 토트넘 또 졌다 강등 현실화! 감독 교체도 소용없었다! 16위 추락, 진짜로 강등권 눈앞! 투도르 감독 데뷔전 아스날전 대참패!",풋볼 포레스트 - Forrest Football,2026-02-23 03:38,80782,1124,437,https://i.ytimg.com/vi/myatMnuZE14/hqdefault.jpg,2026-02-25 16:10
2,20,dAsd8ORMg9M,[친선경기] 아스날 vs 토트넘 홋스퍼 풀 하이라이트,쿠팡플레이 스포츠,2025-08-01 00:15,1561202,10909,2651,https://i.ytimg.com/vi/dAsd8ORMg9M/hqdefault.jpg,2026-02-25 16:10
2,21,okNDJoYtvF0,[프리미어리그] 27R 에버턴 vs 맨유 센느 라먼스 주요장면,쿠팡플레이 스포츠,2026-02-24 08:38,38881,433,218,https://i.ytimg.com/vi/okNDJoYtvF0/hqdefault.jpg,2026-02-25 16:10
2,21,T_uoX-Wzxho,맨유 에버턴 참교육했습니다,여푸,2026-02-24 13:33,8348,306,40,https://i.ytimg.com/vi/T_uoX-Wzxho/hqdefault.jpg,2026-02-25 16:10
2,21,d7gGmWuemJc,EVERTON 0-1 MANCHESTER UNITED| Premier League highlights,Everton Football Club,2026-02-24 09:00,921126,7593,488,https://i.ytimg.com/vi/d7gGmWuemJc/hqdefault.jpg,2026-02-25 16:10
2,22,nNPLrRfN9SU,England v Pakistan | Urdu Highlights | Men's T20 World Cup 2026,ICC,2026-02-25 04:01,1135735,13446,712,https://i.ytimg.com/vi/nNPLrRfN9SU/hqdefault.jpg,2026-02-25 16:10
2,22,BKzxyehrHAk,Pakistan Vs England ICC T20 World Cup Full Match Highlights 2026,Cricket Expert,2026-02-25 12:56,8111,0,19,https://i.ytimg.com/vi/BKzxyehrHAk/hqdefault.jpg,2026-02-25 16:10
2,22,bZsVtT2o9bo,England v Pakistan | Match Highlights | Men's T20 World Cup 2026,ICC,2026-02-25 03:40,152818,852,195,https://i.ytimg.com/vi/bZsVtT2o9bo/hqdefault.jpg,2026-02-25 16:10
2,23,7DwI_FhWHjI,"'브뤼헤 돌풍' 잠재운 해트트릭! 쇠를로트, AT 마드리드 16강 이끌다 #SPOTIME #UCL",스포타임,2026-02-25 09:03,100836,873,147,https://i.ytimg.com/vi/7DwI_FhWHjI/hqdefault.jpg,2026-02-25 16:10
2,23,tJqhBlEDlbM,"노르웨이 변방 클럽의 기적! 보되, 창단 109년 만에 첫 'UCL 16강' #SPOTIME #UCL",스포타임,2026-02-25 11:23,89782,948,335,https://i.ytimg.com/vi/tJqhBlEDlbM/hqdefault.jpg,2026-02-25 16:10
2,23,omotzC2hsio,굴욕은 한 번으로 족하다! 16강 진출 절실한 레알·PSG #SPOTIME #UCL,스포타임,2026-02-24 10:56,155022,785,214,https://i.ytimg.com/vi/omotzC2hsio/hqdefault.jpg,2026-02-25 16:10
2,24,jUhlnOrbpZU,[MLS] 1R LAFC vs 인터 마이애미 2분 하이라이트,쿠팡플레이 스포츠,2026-02-22 15:17,551006,3458,873,https://i.ytimg.com/vi/jUhlnOrbpZU/hqdefault.jpg,2026-02-25 16:10
2,24,eogbfMaEheE,[MLS] 1R LAFC vs 인터 마이애미 손흥민 주요장면,쿠팡플레이 스포츠,2026-02-22 15:13,1901290,13607,2496,https://i.ytimg.com/vi/eogbfMaEheE/hqdefault.jpg,2026-02-25 16:10
2,24,0BME-2Xe2wA,LAFC vs. Inter Miami CF | Full Match Highlights | Battle At The Coliseum,Major League Soccer,2026-02-22 14:11,2420726,32803,3227,https://i.ytimg.com/vi/0BME-2Xe2wA/hqdefault.jpg,2026-02-25 16:10
2,25,laNFhasSaMs,HATTRICK SORLOTH !! (4-1) HIGHLIGHT ATLETICO MADRID VS CLUB BRUGGE UEFA CHAMPIONS LEAGUE 25/26 GOALS,Timnas Magazine,2026-02-25 04:43,28479,109,3,https://i.ytimg.com/vi/laNFhasSaMs/hqdefault.jpg,2026-02-25 16:10
2,25,-dGq6HwbOq0,Atlético de Madrid ATM vs club brugge 4-1 Highlights & Goals • alexander sorloth hattrick ,Footballia,2026-02-25 05:19,27762,139,2,https://i.ytimg.com/vi/-dGq6HwbOq0/hqdefault.jpg,2026-02-25 16:10
2,25,gYeoHqj6mwc,Atletico Madrid vs Club Brugge 4-1 Resumen | Sorloth Hattrick | UCL Highlights | Johnny Cardoso Goal,Football Xtra,2026-02-25 04:36,19626,51,1,https://i.ytimg.com/vi/gYeoHqj6mwc/hqdefault.jpg,2026-02-25 16:10
2,25,l4375Nl8IHs,Atletico Madrid vs Club Brugge 4-1 Highlights & All Goals (Champions League) Atletico Club Brugge,Jakubek,2026-02-25 04:59,66072,495,2,https://i.ytimg.com/vi/l4375Nl8IHs/hqdefault.jpg,2026-02-25 16:10
2,25,aQo0vgZyDs8,Atletico Madrid vs Club Brugge 4-1 || Highlights & All Goals || UEFA Champions League 2026,تربيه الارانب والطيور مع ابونرمين,2026-02-25 04:57,28980,223,3,https://i.ytimg.com/vi/aQo0vgZyDs8/hqdefault.jpg,2026-02-25 16:10
2,25,6ig7R30Nh2E,Atletico Madrid vs. Club Brugge REACTION 🍿 Sorloth dominates with a HAT TRICK 🔥 | ESPN FC,ESPN FC,2026-02-25 08:39,4037,88,9,https://i.ytimg.com/vi/6ig7R30Nh2E/hqdefault.jpg,2026-02-25 16:10
2,25,Y6l5SMzhA7c,atletico madrid vs club brugge 4-1 highlights & alexander sorloth hattrick • champions league ,Footballia,2026-02-25 04:34,36816,118,3,https://i.ytimg.com/vi/Y6l5SMzhA7c/hqdefault.jpg,2026-02-25 16:10
2,25,HwdTjsmva9g,Atletico Madrid vs Club Brugge 4-1 || Highlights & All Goals || UEFA Champions League 2026,تربيه الارانب والطيور مع ابونرمين,2026-02-25 04:14,59069,385,6,https://i.ytimg.com/vi/HwdTjsmva9g/hqdefault.jpg,2026-02-25 16:10
2,25,3SRi7Z_1fvo,Atletico Madrid - Club Brugge | 4-1 (7-4 AGG) | Highlights| Champions League 2025-26|atletico brugge,Sponitor,2026-02-25 04:35,28519,84,2,https://i.ytimg.com/vi/3SRi7Z_1fvo/hqdefault.jpg,2026-02-25 16:10
2,25,5C_ybS9D7v8,FULL HIGHLIGHT (4-1) ATLETICO MADRID VS CLUB BRUGGE !!! UEFA CHAMPIONS LEAGUE 2025/26 SORLOTH GOALS,Halotub,2026-02-25 04:36,1835,7,2,https://i.ytimg.com/vi/5C_ybS9D7v8/hqdefault.jpg,2026-02-25 16:10
2,25,-gsFiqV2e-Q,🔴 ATLÉTICO MADRID vs CLUB BRUGGE EN VIVO 🏆 UEFA CHAMPIONS LEAGUE 2026 Full Match Simulation PES 26,Mundo Futbol ,2026-02-25 06:22,14615,46,0,https://i.ytimg.com/vi/-gsFiqV2e-Q/hqdefault.jpg,2026-02-25 16:10
2,25,UnMF25QOqXk,Atletico Madrid vs Club Brugge 4-1 Live Champions League Football UCL Match Score Highlights Vivo,Sammy Sk Football,2026-02-25 04:44,34955,135,0,https://i.ytimg.com/vi/UnMF25QOqXk/hqdefault.jpg,2026-02-25 16:10
2,25,fyLI0bfuMnc,ATLETICO MADRID vs CLUB BRUGGE 4-1 | 2026 Champions League | Match Highlights,Match Highlights,2026-02-25 02:45,3520,0,0,https://i.ytimg.com/vi/fyLI0bfuMnc/hqdefault.jpg,2026-02-25 16:10
2,25,BVZOWV3UmnA,AO VIVO: ATLÉTICO DE MADRID X CLUB BRUGGE | CHAMPIONS LEAGUE 2026 | JOGO AO VIVO LIGA DOS CAMPEÕES,Na Rede Oficial,2026-02-25 04:51,91827,572,0,https://i.ytimg.com/vi/BVZOWV3UmnA/hqdefault.jpg,2026-02-25 16:10
2,25,fJdqL2o7ejg,🔴Atletico Madrid vs Brugge - UEFA Champions League 2025/26 | Pes 21 Gameplay Simulation,Football TV,2026-02-25 04:54,23366,54,1,https://i.ytimg.com/vi/fJdqL2o7ejg/hqdefault.jpg,2026-02-25 16:10
2,25,hNiP0rtTHSc,Atletico Madrid Vs Club Brugge | Mưa bàn thắng | UCL 24/02/2026 #premierleague #madrid,Anh Kevin Football,2026-02-25 12:30,527,3,0,https://i.ytimg.com/vi/hNiP0rtTHSc/hqdefault.jpg,2026-02-25 16:10
2,25,2qxsZmBvm8o,Atlético De Madrid 4 - 1 Club Brugge KV | UEFA Champions League 2025/26 Playoff 😍 | Nationality 🔥,Dilip on Football ,2026-02-25 03:22,1680,9,0,https://i.ytimg.com/vi/2qxsZmBvm8o/hqdefault.jpg,2026-02-25 16:10
2,25,EHhlbTl904A,"Brugge 3-3 Atlético de Madrid | ⚽ J. Alvarez, Lookman & Ordóñez (OG) | HIGHLIGHTS, Champions League",Atlético de Madrid,2026-02-20 07:00,296148,3822,56,https://i.ytimg.com/vi/EHhlbTl904A/hqdefault.jpg,2026-02-25 16:10
2,25,gDrYQwI4l4A,"Atletico Madrid vs Club Brugge, Inter Milan vs Bodo",Bamz Hariawan,2026-02-24 18:58,207144,4820,52,https://i.ytimg.com/vi/gDrYQwI4l4A/hqdefault.jpg,2026-02-25 16:10
2,25,LtxcXzdl7kA,Atletico Madrid Vs Club Brugge Highlights,Debrime Sports Network(DSN),2026-02-25 04:43,6748,0,0,https://i.ytimg.com/vi/LtxcXzdl7kA/hqdefault.jpg,2026-02-25 16:10
2,25,JkBTNbU2Jew,Atletico Madrid vs Club Brugge,BounceBallFC,2026-02-25 01:40,1539,84,2,https://i.ytimg.com/vi/JkBTNbU2Jew/hqdefault.jpg,2026-02-25 16:10
2,25,NUDkACQb2Gg,🔴LIVE : Atletico Madrid vs Club Brugge | UEFA Champions League 2026 | Full Match Streaming,Mainul Kickoff Sports,2026-02-25 02:44,1205,3,1,https://i.ytimg.com/vi/NUDkACQb2Gg/hqdefault.jpg,2026-02-25 16:10
2,25,FPv09ZhsiMU,Golazooooo de Cardoso Atlético 2-1 Brujas #parati #futbol #atleticomadrid,Marc Culer,2026-02-25 04:01,22134,862,71,https://i.ytimg.com/vi/FPv09ZhsiMU/hqdefault.jpg,2026-02-25 16:10
2,25,Jw2A7mGGdog,FC 26 - ATLETICO MADRID VS CLUB BRUGGE FULL MATCH | CHAMPIONS LEAGUE 25/26 | 4K60,IronTaurus,2026-02-05 00:30,368,2,0,https://i.ytimg.com/vi/Jw2A7mGGdog/hqdefault.jpg,2026-02-25 16:10
2,25,tVNUeCSYbs8,"HAPPY SOLTERO! Atleti Eliminates Club Brugge, Bodø/Glimt DEFEATS Inter Milan & Bayer Qualifies",Vamos Network with The Give N Go & Herc Gomez,2026-02-25 12:35,1313,98,21,https://i.ytimg.com/vi/tVNUeCSYbs8/hqdefault.jpg,2026-02-25 16:10
2,26,WGq2CRRMnS4,[25/26 UCL] AT 마드리드 vs 브뤼헤 3분 하이라이트｜SPOTV FOOTBALL,SPOTV,2026-02-25 14:00,8992,152,30,https://i.ytimg.com/vi/WGq2CRRMnS4/hqdefault.jpg,2026-02-25 16:10
2,26,7DwI_FhWHjI,"'브뤼헤 돌풍' 잠재운 해트트릭! 쇠를로트, AT 마드리드 16강 이끌다 #SPOTIME #UCL",스포타임,2026-02-25 09:03,100836,873,147,https://i.ytimg.com/vi/7DwI_FhWHjI/hqdefault.jpg,2026-02-25 16:10
2,26,-dGq6HwbOq0,Atlético de Madrid ATM vs club brugge 4-1 Highlights & Goals • alexander sorloth hattrick ,Footballia,2026-02-25 05:19,27762,139,2,https://i.ytimg.com/vi/-dGq6HwbOq0/hqdefault.jpg,2026-02-25 16:10
2,27,vROImRIY5Tw,[리그 1] 16R 메스 vs PSG 이강인 주요장면,쿠팡플레이 스포츠,2025-12-14 06:44,1014968,5950,2355,https://i.ytimg.com/vi/vROImRIY5Tw/hqdefault.jpg,2026-02-25 16:10
2,27,me3kUHXt8LU,[리그 1] 16R 메스 vs PSG 2분 하이라이트,쿠팡플레이 스포츠,2025-12-14 06:44,157005,1104,218,https://i.ytimg.com/vi/me3kUHXt8LU/hqdefault.jpg,2026-02-25 16:10
2,27,_PIij_SWAWs,[리그 1] 16R 메스 vs PSG 이브라힘 음바예 주요장면,쿠팡플레이 스포츠,2025-12-14 06:44,961,14,6,https://i.ytimg.com/vi/_PIij_SWAWs/hqdefault.jpg,2026-02-25 16:10
2,28,x9ZeD_G4yUE,클리블랜드 vs LA 다저스｜5분 하이라이트｜2026 MLB 시범경기 (02.25),SPOTV,2026-02-25 11:00,70067,717,83,https://i.ytimg.com/vi/x9ZeD_G4yUE/hqdefault.jpg,2026-02-25 16:10
2,28,PO5NlIFnOq0,Mets vs. Astros Game Highlights (2/24/26) | Spring Training,New York Mets,2026-02-25 09:38,10224,184,8,https://i.ytimg.com/vi/PO5NlIFnOq0/hqdefault.jpg,2026-02-25 16:10
2,28,KVVkSkvWJyY,Team Dominican Republic's highlights in the World Baseball Classic! 🇩🇴(2013 Champions),MLB,2026-02-25 10:00,5892,288,28,https://i.ytimg.com/vi/KVVkSkvWJyY/hqdefault.jpg,2026-02-25 16:10
2,29,AMzjNiA7sms,"""처음엔 5년 계약 생각했는데..."" 한화 노시환, 사상 초유 '11년 307억' 계약 후기 / 스포츠머그",스포츠머그 - SPORTSMUG,2026-02-23 17:42,62003,614,449,https://i.ytimg.com/vi/AMzjNiA7sms/hqdefault.jpg,2026-02-25 16:10
2,29,iI8kKLKIpxo,"[오피셜] '종신 한화' 선언 노시환, 역대 최장·최대 규모 11년 307억원 비FA 다년계약 현장! ",Eagles TV,2026-02-23 08:05,311804,7728,2504,https://i.ytimg.com/vi/iI8kKLKIpxo/hqdefault.jpg,2026-02-25 16:10
2,29,tgE5WgLSNJk,"노시환, '11년 307억' 초대형 계약...한화 이글스 '레전드' 예약 [지금이뉴스]  / YTN", YTN,2026-02-23 13:43,74981,312,1005,https://i.ytimg.com/vi/tgE5WgLSNJk/hqdefault.jpg,2026-02-25 16:10
2,30,sWDSAk1ab4s,LA 손흥민 녹색완장 차고 등장ㄷㄷㄷ ( lafc 대 레알 에스파냐 ),디피풋볼  DPFUTBOL,2026-02-25 14:16,5411,302,2,https://i.ytimg.com/vi/sWDSAk1ab4s/hqdefault.jpg,2026-02-25 16:10
2,30,XAci_Au-ojM,전반전 끝났는데 어시스트 3개?! l 2026 북중미 챔피언스컵 I 레알 에스파냐 vs LAFC,쿠팡플레이 스포츠,2026-02-18 13:08,557438,10095,674,https://i.ytimg.com/vi/XAci_Au-ojM/hqdefault.jpg,2026-02-25 16:10
2,30,JgaYmsiHPdw,시즌 첫 경기부터 해트트릭을 달성한 부앙가 l 2026 북중미 챔피언스컵 I 레알 에스파냐 vs LAFC,쿠팡플레이 스포츠,2026-02-18 13:51,117956,1295,73,https://i.ytimg.com/vi/JgaYmsiHPdw/hqdefault.jpg,2026-02-25 16:10
2,31,kKg5ae9Ofrg,인테르 광탈... 우리는 찬우형을 챔스에서 볼 수 없게 됐습니다ㅠㅠㅣ후토크,이스타TV,2026-02-25 09:13,90128,1469,361,https://i.ytimg.com/vi/kKg5ae9Ofrg/hqdefault.jpg,2026-02-25 16:10
2,31,tJqhBlEDlbM,"노르웨이 변방 클럽의 기적! 보되, 창단 109년 만에 첫 'UCL 16강' #SPOTIME #UCL",스포타임,2026-02-25 11:23,89782,948,335,https://i.ytimg.com/vi/tJqhBlEDlbM/hqdefault.jpg,2026-02-25 16:10
2,31,NEOVmbeoJls,[25/26 UCL] 인터 밀란 vs 보되/글림트 3분 하이라이트｜SPOTV FOOTBALL,SPOTV,2026-02-25 14:00,10466,211,65,https://i.ytimg.com/vi/NEOVmbeoJls/hqdefault.jpg,2026-02-25 16:10
2,32,eUhSvzU9oD0,[프리미어리그] 12R 리버풀 vs 노팅엄 2분 하이라이트,쿠팡플레이 스포츠,2025-11-23 06:00,349556,2762,1217,https://i.ytimg.com/vi/eUhSvzU9oD0/hqdefault.jpg,2026-02-25 16:10
2,32,pii9uLjPM5U,Liverpool 0-3 Nottingham Forest | Extended Highlights | Premier League,Nottingham Forest FC ,2025-11-24 09:00,473952,5126,294,https://i.ytimg.com/vi/pii9uLjPM5U/hqdefault.jpg,2026-02-25 16:10
2,32,BcUsvMTuyH8,Highlights: Liverpool 0-3 Nottingham Forest | Premier League,Liverpool FC,2025-11-23 07:00,1348532,12641,2191,https://i.ytimg.com/vi/BcUsvMTuyH8/hqdefault.jpg,2026-02-25 16:10
2,33,T9vjA3EA1ZA,[라리가] 2R 레반테 vs 바르셀로나 2분 하이라이트,쿠팡플레이 스포츠,2025-08-24 08:28,188370,1304,519,https://i.ytimg.com/vi/T9vjA3EA1ZA/hqdefault.jpg,2026-02-25 16:10
2,33,8djM4xeP3GI,[레반테vs바르셀로나] 2점 밀리다 역전승 거두는 바르샤,공감입니다,2025-08-24 12:33,39706,464,23,https://i.ytimg.com/vi/8djM4xeP3GI/hqdefault.jpg,2026-02-25 16:10
2,33,noL-2_QnORI,현재 ‘레반도프스키’ 때문에 걱정이라는 바르셀로나 ㄷㄷㄷ,메시맛집,2025-08-01 13:45,311280,3847,265,https://i.ytimg.com/vi/noL-2_QnORI/hqdefault.jpg,2026-02-25 16:10
2,34,PnYZPuHOyTI,[카라바오컵] 뉴캐슬 vs 맨시티 2분 하이라이트,쿠팡플레이 스포츠,2026-01-14 07:59,340477,2486,487,https://i.ytimg.com/vi/PnYZPuHOyTI/hqdefault.jpg,2026-02-25 16:10
2,34,fY2eTJzQeHo,[카라바오컵] 맨시티 vs 뉴캐슬 2분 하이라이트,쿠팡플레이 스포츠,2026-02-05 08:09,389861,2703,366,https://i.ytimg.com/vi/fY2eTJzQeHo/hqdefault.jpg,2026-02-25 16:10
2,34,4RPhyYNXBiE,[카라바오컵] 맨시티 vs 뉴캐슬 오마르 마르무시 주요장면,쿠팡플레이 스포츠,2026-02-05 08:09,4475,66,19,https://i.ytimg.com/vi/4RPhyYNXBiE/hqdefault.jpg,2026-02-25 16:10
2,35,wZ_GTzMU0yk,[분데스리가] 6R 프랑크푸르트 vs 바이에른 뮌헨 2분 하이라이트,쿠팡플레이 스포츠,2025-10-05 07:01,207585,1490,431,https://i.ytimg.com/vi/wZ_GTzMU0yk/hqdefault.jpg,2026-02-25 16:10
2,35,wIpG_dTWIt4,극적인 동점골로 우승 경쟁을 이어가는 프랑크푸르트 | 분데스리가 | 프랑크푸르트 vs 바이에른 뮌헨,쿠팡플레이 스포츠,2024-10-08 18:00,262347,1669,258,https://i.ytimg.com/vi/wIpG_dTWIt4/hqdefault.jpg,2026-02-25 16:10
2,35,bzlvN-PcHNE,경기 시작과 동시에 입장골을 터뜨리는 루이스 디아스 I 분데스리가 I 프랑크푸르트 vs 바이에른 뮌헨,쿠팡플레이 스포츠,2025-10-05 04:22,27311,304,37,https://i.ytimg.com/vi/bzlvN-PcHNE/hqdefault.jpg,2026-02-25 16:10
2,36,L-gFKB6nQPw,이젠 경이로운 수준의 쿠르투아 | 라리가 | 오사수나 vs 레알 마드리드,쿠팡플레이 스포츠,2025-02-19 18:00,419308,4221,144,https://i.ytimg.com/vi/L-gFKB6nQPw/hqdefault.jpg,2026-02-25 16:10
2,36,hZbefgZg0WM,이번 시즌 레알 마드리드 최고의 영입 🤍,싸커스토리 (후반전),2025-06-27 07:00,926249,10657,149,https://i.ytimg.com/vi/hZbefgZg0WM/hqdefault.jpg,2026-02-25 16:10
2,36,cIZwwmy3vDU,[라리가] 1R 레알 마드리드 vs 오사수나 2분 하이라이트,쿠팡플레이 스포츠,2025-08-20 07:00,211886,1205,672,https://i.ytimg.com/vi/cIZwwmy3vDU/hqdefault.jpg,2026-02-25 16:10
2,37,5HT4N82JkfQ,[프리미어리그] 16R 아스날 vs 울버햄튼 2분 하이라이트,쿠팡플레이 스포츠,2025-12-14 08:54,658244,3392,1026,https://i.ytimg.com/vi/5HT4N82JkfQ/hqdefault.jpg,2026-02-25 16:10
2,37,YNcmy1EW4-s,[프리미어리그] 16R 아스날 vs 울버햄튼 황희찬 주요장면,쿠팡플레이 스포츠,2025-12-14 09:03,36648,252,256,https://i.ytimg.com/vi/YNcmy1EW4-s/hqdefault.jpg,2026-02-25 16:10
2,37,djo0qoRt2mI,울버햄튼 자책골 2방으로 2 : 1 승리하는 아스날 l 프리미어리그 I 아스날 vs 울버햄튼,쿠팡플레이 스포츠,2025-12-14 07:39,73450,1150,109,https://i.ytimg.com/vi/djo0qoRt2mI/hqdefault.jpg,2026-02-25 16:10
2,38,0BME-2Xe2wA,LAFC vs. Inter Miami CF | Full Match Highlights | Battle At The Coliseum,Major League Soccer,2026-02-22 14:11,2420726,32803,3227,https://i.ytimg.com/vi/0BME-2Xe2wA/hqdefault.jpg,2026-02-25 16:10
2,38,Xe41X-tC8HI,"LA Galaxy vs. New York City Penalty, Red Cards and Disallowed Goal | Instant Replay",Major League Soccer,2026-02-24 22:30,7517,254,69,https://i.ytimg.com/vi/Xe41X-tC8HI/hqdefault.jpg,2026-02-25 16:10
2,38,jUhlnOrbpZU,[MLS] 1R LAFC vs 인터 마이애미 2분 하이라이트,쿠팡플레이 스포츠,2026-02-22 15:17,551006,3458,873,https://i.ytimg.com/vi/jUhlnOrbpZU/hqdefault.jpg,2026-02-25 16:10
2,39,Ou8xj5Y9VFs,[프리미어리그] 27R 첼시 vs 번리 2분 하이라이트,쿠팡플레이 스포츠,2026-02-22 06:13,209901,1467,310,https://i.ytimg.com/vi/Ou8xj5Y9VFs/hqdefault.jpg,2026-02-25 16:10
2,39,aBgthgx6REs,스스로 족쇄를 차는 첼시ㅣ첼시 vs 번리,첼루키,2026-02-22 08:30,18858,260,67,https://i.ytimg.com/vi/aBgthgx6REs/hqdefault.jpg,2026-02-25 16:10
2,39,ypWLWz36Hik,[프리미어리그] 12R 번리 vs 첼시 2분 하이라이트,쿠팡플레이 스포츠,2025-11-23 03:31,157274,1129,142,https://i.ytimg.com/vi/ypWLWz36Hik/hqdefault.jpg,2026-02-25 16:10
3,40,GuyPU7he-Qw,"'공공도서 훼손 논란' 김지호, 과거 예능 장면까지 재소환 된 이유 / YTN star",YTN star,2026-02-25 11:15,5199,118,104,https://i.ytimg.com/vi/GuyPU7he-Qw/hqdefault.jpg,2026-02-25 16:10
3,40,P_YbOvkrXds,"[문화연예 플러스] 배우 김지호, 공공도서 훼손 논란 (2026.02.25/뉴스투데이/MBC)",MBCNEWS,2026-02-25 07:14,6212,117,94,https://i.ytimg.com/vi/P_YbOvkrXds/hqdefault.jpg,2026-02-25 16:10
3,40,xmCQI-J-V44,"'도서관 책 훼손' 김지호, 과거 파묘 [투데이 '픽'/iMBC연예뉴스]",iMBC연예,2026-02-25 10:02,1219,36,17,https://i.ytimg.com/vi/xmCQI-J-V44/hqdefault.jpg,2026-02-25 16:10
3,41,YEmVS34bLUs,"편집자 존버 성공했습니다😂 17년 만에 영화로 돌아온 ✨ 인생 로맨스 소설 ✨ ┃파반느, MBC 260215 방송",출발! 비디오여행 : MBC 공식 채널,2026-02-16 10:00,256936,1160,133,https://i.ytimg.com/vi/YEmVS34bLUs/hqdefault.jpg,2026-02-25 16:10
3,41,sPE-98uIkGA,[신작이 좋다] 파반느 [영화가 좋다] | KBS 260214 방송,KBS Entertain,2026-02-24 16:21,2012,19,3,https://i.ytimg.com/vi/sPE-98uIkGA/hqdefault.jpg,2026-02-25 16:10
3,41,F7UxmgGFXMU,"[파반느] 쉿, 파반느에 숨겨진 12가지",18.5도,2026-02-23 14:10,5487,149,17,https://i.ytimg.com/vi/F7UxmgGFXMU/hqdefault.jpg,2026-02-25 16:10
3,42,4gBJscXuWkE,📢 2026년 청년문화예술패스가 이렇게 달라집니다!,문화체육관광부,2026-01-30 13:31,3388,25,6,https://i.ytimg.com/vi/4gBJscXuWkE/hqdefault.jpg,2026-02-25 16:10
3,42,v3KfIm2b9fA,청년문화패스 진짜 세금 낭비인 이유 #썰,썰풀햐,2024-10-08 21:25,10968,0,12,https://i.ytimg.com/vi/v3KfIm2b9fA/hqdefault.jpg,2026-02-25 16:10
3,42,q8hkemAzCbI,"공연, 전시, 영화 관람비 최대 20만원 지원하는 청년문화예술패스",청년정책사용설명서,2026-02-25 13:45,253,1,0,https://i.ytimg.com/vi/q8hkemAzCbI/hqdefault.jpg,2026-02-25 16:10
3,43,m6WrwQ1X2Rk,남창희 아내의 놀라운정체?#남창희#한강아이유#윤영경,연예잇슈다,2026-02-23 19:58,12127,75,11,https://i.ytimg.com/vi/m6WrwQ1X2Rk/hqdefault.jpg,2026-02-25 16:10
3,43,J2rJCstKsNQ,"""미인이라고 소문이 났다""…남창희 아내 누구길래? - 뉴스파이터",MBN News,2026-02-24 20:20,5647,28,15,https://i.ytimg.com/vi/J2rJCstKsNQ/hqdefault.jpg,2026-02-25 16:10
3,43,knTOwF2MZXo,"""그립다는 것은""     오카리나  윤영경",byoung gu lee,2019-09-13 17:20,2849,45,3,https://i.ytimg.com/vi/knTOwF2MZXo/hqdefault.jpg,2026-02-25 16:10
3,44,AK8s3iqL99c,Sydney Sweeney Has Great Jeans | American Eagle,American Eagle,2025-07-23 21:00,11697388,97995,20552,https://i.ytimg.com/vi/AK8s3iqL99c/hqdefault.jpg,2026-02-25 16:10
3,44,xEyC3CbOWJk,Sydney Sweeney Reveals One Thing She's Always Wanted to Try | The Drew Barrymore Show,The Drew Barrymore Show,2024-03-29 05:00,3392183,86626,1323,https://i.ytimg.com/vi/xEyC3CbOWJk/hqdefault.jpg,2026-02-25 16:10
3,44,o--AKbMfXc4,#SydneySweeney is painting the #2024PCAs red. 🔥 (📸: Getty) #shorts,E! Insider,2024-02-19 11:04,3423936,33023,1079,https://i.ytimg.com/vi/o--AKbMfXc4/hqdefault.jpg,2026-02-25 16:10
3,45,_eSCEeqt2oU,"윤유선, 갑자기 시작된 ‘남편’ 이성호의 역사 수업에 어리둥절",SBS Entertainment,2026-02-24 23:29,22563,93,0,https://i.ytimg.com/vi/_eSCEeqt2oU/hqdefault.jpg,2026-02-25 16:10
3,45,ft-PlMuZR_k,배우 윤유선 ♥ 변호사 이성호 부부의 맵디 매운 첫 예능 동반 출연🥵 판사님 괜찮으시겠어요...?ㄷㄷ | KBS 260214 방송,KBS StarTV: 인물사전,2026-02-20 17:00,110581,784,76,https://i.ytimg.com/vi/ft-PlMuZR_k/hqdefault.jpg,2026-02-25 16:10
3,45,p3repOwKYnU,"이성호, 윤유선 향해 잠들기 전까지 보여주는 장꾸 모먼트★",SBS Entertainment,2026-02-25 00:14,114430,280,0,https://i.ytimg.com/vi/p3repOwKYnU/hqdefault.jpg,2026-02-25 16:10
3,46,0wyHFF2kHt0,에반게리온 완전 신작 애니 시리즈 발표!!,프리시스CH,2026-02-24 00:55,12430,219,130,https://i.ytimg.com/vi/0wyHFF2kHt0/hqdefault.jpg,2026-02-25 16:10
3,46,9R4Z8UXJcYI,[속보!] 에반게리온 완전 신작 시리즈 [30주년 기념 이벤트 발표!],아키바 클라쓰,2026-02-24 08:23,8885,190,60,https://i.ytimg.com/vi/9R4Z8UXJcYI/hqdefault.jpg,2026-02-25 16:10
3,46,5RFPUJb2_No,에반게리온 신작 제작 확정! 애니매이션 티져 공개,현이버스: Movie Planet,2026-02-24 23:02,6282,127,13,https://i.ytimg.com/vi/5RFPUJb2_No/hqdefault.jpg,2026-02-25 16:10
3,47,-TZ1pK6BywM,"[찬란한 너의 계절에 1~2회 코멘터리] 이성경X채종협X이미숙X감독님과 함께 하는 생생한 이야기 속으로!, MBC 260221 방송",MBCdrama,2026-02-25 09:00,4225,313,35,https://i.ytimg.com/vi/-TZ1pK6BywM/hqdefault.jpg,2026-02-25 16:10
3,47,IdT7AcK_Z50,"실험실에서 살아난 불사신이 떴따..! 살아남은 한 남자가 자신의 기억을 되찾아가면서, 얼짱 미모력을 가진 극 I를 녹여버리는 파격 로맨스 ≪찬란한 너의 계절에≫ 1~2",김시선,2026-02-22 10:00,87620,752,35,https://i.ytimg.com/vi/IdT7AcK_Z50/hqdefault.jpg,2026-02-25 16:10
3,47,h0gJvcLDexA,"[찬란한 너의 계절에 3회 예고] ＂안 마주치게 내가 아예 떠날게요＂, MBC 260227 방송",MBCdrama,2026-02-21 23:17,27185,307,22,https://i.ytimg.com/vi/h0gJvcLDexA/hqdefault.jpg,2026-02-25 16:10
3,47,aqeVUPr8BDg,소중한 사람마다 죽게 되는 여자 앞에 나타난 죽음에서 몇번이나 살아난 남자의 미친 사랑이 시작된다.. 이성경 채종협의 찐멜로 시작한다잉 [찬란한 너의 계절에],고몽,2026-02-22 10:00,165097,1230,75,https://i.ytimg.com/vi/aqeVUPr8BDg/hqdefault.jpg,2026-02-25 16:10
3,47,cWNFQ0OiVTg,"3개월만 친구해요, 우리 | [찬란한 너의 계절에] 3회 예고 클립 | 디즈니+",Disney Plus Korea 디즈니 플러스 코리아,2026-02-25 13:00,2930,30,0,https://i.ytimg.com/vi/cWNFQ0OiVTg/hqdefault.jpg,2026-02-25 16:10
3,47,t8IoTA8MUy0,"[찬란한 너의 계절에] 돌아온 기억, 이성경의 남자는 채종협이 아니었다, MBC 260221 방송",MBCdrama,2026-02-21 22:07,22258,111,8,https://i.ytimg.com/vi/t8IoTA8MUy0/hqdefault.jpg,2026-02-25 16:10
3,47,lzH64TIIEyI,"3개월만 친구해요, 우리 | [찬란한 너의 계절에] 3회 예고 클립 | 디즈니+",Disney Plus Korea 디즈니 플러스 코리아,2026-02-25 13:00,430,37,2,https://i.ytimg.com/vi/lzH64TIIEyI/hqdefault.jpg,2026-02-25 16:10
3,47,b0KNjN3H7yw,댕댕이 같은 남자의 반전 포인트 #찬란한너의계절에 #MBC #이성경 #채종협,시스코드,2026-02-25 16:00,233,3,0,https://i.ytimg.com/vi/b0KNjN3H7yw/hqdefault.jpg,2026-02-25 16:10
3,47,GXjUbX2Q8pA,7년 만에 만난 남친을 전혀 못 알아보는 여친 #MBC #찬란한너의계절에 #VBSMs,순한무비,2026-02-25 12:00,1907,32,0,https://i.ytimg.com/vi/GXjUbX2Q8pA/hqdefault.jpg,2026-02-25 16:10
3,47,HeLG8kLL4Lw,"[찬란한 너의 계절에 프리미어3] 상큼발랄 동생들 한지현 & 오예주, MBC 260220 방송",MBCdrama,2026-02-09 11:32,24630,332,15,https://i.ytimg.com/vi/HeLG8kLL4Lw/hqdefault.jpg,2026-02-25 16:10
3,47,8rW_7p2MopU,"7년 전 그날 무슨 일이? 나만 몰랐던 내 연애의 비밀! | 찬란한 너의 계절에, MBC 260208 방송",출발! 비디오여행 : MBC 공식 채널,2026-02-09 14:11,72366,473,31,https://i.ytimg.com/vi/8rW_7p2MopU/hqdefault.jpg,2026-02-25 16:10
3,47,icrKsL-hxso,"[찬란한 너의 계절에] 《메이킹》 이 비주얼 조합 찬성이요😍 찬이와 하란이가 마주한 순간부터 디자인 1팀 팀원들의 귀여운 케미까지!✨ 1-2회 비하인드, MBC 260221 방송",MBCdrama,2026-02-23 09:00,14948,603,35,https://i.ytimg.com/vi/icrKsL-hxso/hqdefault.jpg,2026-02-25 16:10
3,47,ubybo_fMnKA,"[찬란한 너의 계절에 대본리딩] 이성경X채종협 '찬란한 너의 계절에' 대본리딩 영상 대공개!, MBC 260220 방송",MBCdrama,2026-01-13 08:01,24111,745,78,https://i.ytimg.com/vi/ubybo_fMnKA/hqdefault.jpg,2026-02-25 16:10
3,47,pnWU3vtogbk,찬란한 너의 계절에 | 1차 티저 예고편 | 디즈니+,Disney Plus Korea 디즈니 플러스 코리아,2026-01-21 10:01,42041,465,28,https://i.ytimg.com/vi/pnWU3vtogbk/hqdefault.jpg,2026-02-25 16:10
3,47,zrPn7pNBXjA,찬란한 너의 계절에 | 3차 티저 예고편 | 디즈니+,Disney Plus Korea 디즈니 플러스 코리아,2026-02-11 10:08,9235,188,9,https://i.ytimg.com/vi/zrPn7pNBXjA/hqdefault.jpg,2026-02-25 16:10
3,47,z-vRo2cl_Qg,"[찬란한 너의 계절에 스페셜 티저] 이성경X채종협 '찬란한 너의 계절에' 첫 공개, MBC 2026 방송",MBCdrama,2025-12-31 00:01,42448,911,76,https://i.ytimg.com/vi/z-vRo2cl_Qg/hqdefault.jpg,2026-02-25 16:10
3,47,scWRqoObKk8,"[찬너계 1차 티저] 이성경X채종협의 '찬란 로맨스'가 찾아옵니다, MBC 260220 방송",MBCdrama,2026-01-21 08:00,91646,769,50,https://i.ytimg.com/vi/scWRqoObKk8/hqdefault.jpg,2026-02-25 16:10
3,47,LTVpi0TWQhg,"[찬란한 너의 계절에 프리미어1] 겨울에 갇힌 여자, 이성경, MBC 260220 방송",MBCdrama,2026-02-09 11:30,10751,324,14,https://i.ytimg.com/vi/LTVpi0TWQhg/hqdefault.jpg,2026-02-25 16:10
3,47,BZK4q8vZMwM,[찬란한 너의 계절에] 2회 하이라이트 | 이성경의 전 남친 '찬'의 정체는 사실... MBC260221방송,드파밍,2026-02-21 23:10,10405,49,2,https://i.ytimg.com/vi/BZK4q8vZMwM/hqdefault.jpg,2026-02-25 16:10
3,47,CazBV5SzAuE,"[찬너계 3차 티저] 이성경X채종협, 이건 썸이야 아니야?, MBC 260220 방송",MBCdrama,2026-02-11 08:00,11745,269,18,https://i.ytimg.com/vi/CazBV5SzAuE/hqdefault.jpg,2026-02-25 16:10
3,47,Bl9KWvAMuX4,찬란한 너의 계절에 | 2차 티저 예고편 | 디즈니+,Disney Plus Korea 디즈니 플러스 코리아,2026-02-04 10:10,6065,216,8,https://i.ytimg.com/vi/Bl9KWvAMuX4/hqdefault.jpg,2026-02-25 16:10
3,47,PHZQ9dtz9yY,"[찬너계 하이라이트] 이성경X채종협, 겨울을 녹이는 찬란로맨스 속으로, MBC 260220 방송",MBCdrama,2026-02-19 08:00,75304,1158,70,https://i.ytimg.com/vi/PHZQ9dtz9yY/hqdefault.jpg,2026-02-25 16:10
3,47,SVZXdv2WbzA,"[찬너계 2차 티저] 이성경X채종협, 3개월 체험판 친구 할래요?, MBC 260220 방송",MBCdrama,2026-02-04 08:00,14609,398,30,https://i.ytimg.com/vi/SVZXdv2WbzA/hqdefault.jpg,2026-02-25 16:10
3,47,3pXlBJwVbxk,"[찬란한 너의 계절에 프리미어5] 매일 여름방학같이 신나게 사는 남자, 채종협 , MBC 260220 방송",MBCdrama,2026-02-09 11:34,3100,106,9,https://i.ytimg.com/vi/3pXlBJwVbxk/hqdefault.jpg,2026-02-25 16:10
3,47,d2Z6vjSDgmI,"[찬란한 너의 계절에] ＂에이.. 설마＂ 채종협, 우연히 이성경을 만나다, MBC 260220 방송",MBCdrama,2026-02-20 22:26,2309,40,5,https://i.ytimg.com/vi/d2Z6vjSDgmI/hqdefault.jpg,2026-02-25 16:10
3,48,cH89oIO3Vqg,"[자막뉴스] 이하늘·김규리, 함께 춤 췄다가...신고 당해 단속 '날벼락' / YTN", YTN,2026-02-24 15:51,27763,239,442,https://i.ytimg.com/vi/cH89oIO3Vqg/hqdefault.jpg,2026-02-25 16:10
3,48,HiM77DLtStk,식당서 김규리와 노래·댄스 이하늘 식당 구청까지 출동? / KNN,KNN NEWS,2026-02-24 11:24,26735,264,364,https://i.ytimg.com/vi/HiM77DLtStk/hqdefault.jpg,2026-02-25 16:10
3,48,vLMkGa4es64,"김규리, 가슴 대역과 엉덩이 대역의 진실 │ 노빠꾸탁재훈 시즌4 EP.07",노빠꾸탁재훈,2025-12-10 18:01,328462,7094,2563,https://i.ytimg.com/vi/vLMkGa4es64/hqdefault.jpg,2026-02-25 16:10
3,49,PWPo0PLpRVs,유튜브 접속 오류…홈 화면 정지에 이용자 불편 / 연합뉴스TV (YonhapnewsTV),연합뉴스TV,2026-02-18 11:24,79872,798,555,https://i.ytimg.com/vi/PWPo0PLpRVs/hqdefault.jpg,2026-02-25 16:10
3,49,ICudhPfGfpc,"유튜브, 1시간 접속오류…""플랫폼 정상화 조치"" / 연합뉴스TV (YonhapnewsTV)",연합뉴스TV,2026-02-18 14:38,2814,19,12,https://i.ytimg.com/vi/ICudhPfGfpc/hqdefault.jpg,2026-02-25 16:10
3,49,E4PqSeZ83JA,"유튜브, 약 1시간 반 접속오류…""플랫폼 정상화"" / 연합뉴스TV (YonhapnewsTV)",연합뉴스TV,2026-02-18 13:39,1884,23,6,https://i.ytimg.com/vi/E4PqSeZ83JA/hqdefault.jpg,2026-02-25 16:10
3,50,FrjMGMkEw40,"[빠른뉴스 쨉] ""임신 노력했는데""…MC몽·차가원, 120억짜리 '불륜'",뉴스TVCHOSUN,2025-12-24 15:22,341632,752,629,https://i.ytimg.com/vi/FrjMGMkEw40/hqdefault.jpg,2026-02-25 16:10
3,50,d4Tq3ypoZxA,아이돌계 큰손 된 MC몽 소름돋는 근황 #이슈,그분이 알고싶다,2025-05-10 18:00,3009582,10569,2159,https://i.ytimg.com/vi/d4Tq3ypoZxA/hqdefault.jpg,2026-02-25 16:10
3,50,V6LmEOGyYeM,"[문화연예 플러스] 차가원 회장, 불륜설 보도에 법적 대응 (2025.12.30/뉴스투데이/MBC)",MBCNEWS,2025-12-30 07:21,28194,213,100,https://i.ytimg.com/vi/V6LmEOGyYeM/hqdefault.jpg,2026-02-25 16:10
3,51,CkWoLII_nyE,차지연(チャジヨン) – 고독한 연인(孤独な恋人)｜현역가왕3 10회,MBN MUSIC,2026-02-25 02:11,97833,2758,551,https://i.ytimg.com/vi/CkWoLII_nyE/hqdefault.jpg,2026-02-25 16:10
3,51,s_ZDWjbobXQ,"현역가왕3 차지연 고독한연인 (풀) (현역가왕3 준결승 2R 뒤집기한판)(차지연노래모음, 차지연 복면가왕, 차지연 현역가왕3, 차지연 노래, 현역가왕3 10회, 현역가왕3노래모음)",오늘의축제 (신호등2TV),2026-02-25 02:54,32867,905,150,https://i.ytimg.com/vi/s_ZDWjbobXQ/hqdefault.jpg,2026-02-25 16:10
3,51,D8VaObr43QM,차지연(チャジヨン) – 둥지(巣)｜현역가왕3 9회,MBN MUSIC,2026-02-18 02:10,610713,9546,2173,https://i.ytimg.com/vi/D8VaObr43QM/hqdefault.jpg,2026-02-25 16:10
3,52,3f9oztHYsPM,"숙소에서는 태리쌤이랑, 연극반에서는 아이들이랑🥰 어딜 가든 인기 만점 감자쌤ㅋㅋ🥔 #highlight #방과후태리쌤 EP.1",tvN Joy,2026-02-22 21:43,146350,1911,107,https://i.ytimg.com/vi/3f9oztHYsPM/hqdefault.jpg,2026-02-25 16:10
3,52,8d6lLWDpJC4,태리쌤도 선생님은 처음이라😢 초보 선생님 김태리의 첫 연극 수업 도전기👩‍🏫 #방과후태리쌤 EP.1 | tvN 260222 방송,tvN Joy,2026-02-22 20:15,29248,668,64,https://i.ytimg.com/vi/8d6lLWDpJC4/hqdefault.jpg,2026-02-25 16:10
3,52,jEIOa_-ta8A,"김태리, 인천국제공항 출국'✈️KIMTAERI' Airport Departure 2026.2.25 Newsen",뉴스엔·Newsen,2026-02-25 12:32,607,33,2,https://i.ytimg.com/vi/jEIOa_-ta8A/hqdefault.jpg,2026-02-25 16:10
3,53,L1cgjCvfLoU,금잔디(グムザンディ) – 바람에 흔들리고 비에 젖어도(風に揺れ、雨に濡れても)｜현역가왕3 10회,MBN MUSIC,2026-02-25 02:10,31960,642,199,https://i.ytimg.com/vi/L1cgjCvfLoU/hqdefault.jpg,2026-02-25 16:10
3,53,EX7YgwjEFc0,금잔디(グムザンディ) – 고속도로 메들리(高速道路メドレー)｜현역가왕3 9회,MBN MUSIC,2026-02-18 02:06,171175,1906,1432,https://i.ytimg.com/vi/EX7YgwjEFc0/hqdefault.jpg,2026-02-25 16:10
3,53,6_3ur7BsbZQ,금잔디 - 바람에 흔들리고 비에 젖어도｜현역가왕3 10회 260224 방송｜CReAstudio,트롯가왕,2026-02-25 00:26,42690,1151,401,https://i.ytimg.com/vi/6_3ur7BsbZQ/hqdefault.jpg,2026-02-25 16:10
3,54,HLC3WVoCHm0,아이돌 연습생의 비극적인 죽음,체리쇼츠,2024-06-18 17:58,3034,19,2,https://i.ytimg.com/vi/HLC3WVoCHm0/hqdefault.jpg,2026-02-25 16:10
3,54,UKxjzQPd17E,20140615 베이비카라 쇼케이스 STEP (소진 ver.),유후,2014-06-17 10:30,73908,343,132,https://i.ytimg.com/vi/UKxjzQPd17E/hqdefault.jpg,2026-02-25 16:10
3,54,io0psLPXFTg,남자친구에게 ㅁㅁ당한 걸그룹 멤버 GTV,GTV 특별한 이야기,2023-05-31 19:29,7764813,59748,3072,https://i.ytimg.com/vi/io0psLPXFTg/hqdefault.jpg,2026-02-25 16:10
3,55,vU6ZcH8YEDQ,"[ENG/JPN] ""형 꺼나 해액🙄‼️"" 싸우면 매니저가 먼저 눈치 보는 댕X댕 조합🐶l 세븐틴(SEVENTEEN) 승관 l 배우 문상민 l 부승관의 비비디바비디부",일일칠 - 117,2026-02-19 19:00,267410,13943,624,https://i.ytimg.com/vi/vU6ZcH8YEDQ/hqdefault.jpg,2026-02-25 16:10
3,55,B1bDibCG4WI,#THUNDER ⚡️ with #문상민 #MOONSANGMIN #승관 #SEUNGKWAN #SEVENTEEN #세븐틴 #HAPPY_BURSTDAY #SVT_THUNDER,SEVENTEEN,2025-06-02 17:30,1249055,80906,327,https://i.ytimg.com/vi/B1bDibCG4WI/hqdefault.jpg,2026-02-25 16:10
3,55,oPVvUWaGdgk,#류진 과 #문상민 님의 #GWBGChallenge -!ㄴ 뮤직뱅크를 뒤집어 놓으셨다 ˶˙ᵕ˙ )ﾉﾞ #ITZY #RYUJIN #ITZY_GWBG,ITZY,2025-06-20 19:30,857433,43963,248,https://i.ytimg.com/vi/oPVvUWaGdgk/hqdefault.jpg,2026-02-25 16:10
3,56,S9JMIhReAqs,'Grey's Anatomy's' Eric Dane says he has 'one functioning arm' after ALS diagnosis in new interview,Good Morning America,2025-06-16 21:09,2053699,23154,3788,https://i.ytimg.com/vi/S9JMIhReAqs/hqdefault.jpg,2026-02-25 16:10
3,56,sEMpdwdVpng,Eric Dane’s Final Message To His Daughters and The World | Famous Last Words | Netflix,Netflix,2026-02-21 03:03,3878169,172238,8209,https://i.ytimg.com/vi/sEMpdwdVpng/hqdefault.jpg,2026-02-25 16:10
3,56,jWrj28_cjsQ,Eric Dane | Famous Last Words | Netflix,Netflix,2026-02-21 00:30,512293,5651,441,https://i.ytimg.com/vi/jWrj28_cjsQ/hqdefault.jpg,2026-02-25 16:10
3,57,fTSHHVJ1pd0,KBS2TV 새 일일극 ‘붉은 진주’의 두 주인공 - 박진희 배우 & 김희정 배우 [아침마당] | KBS 260224 방송,에헤라 티비 : KBS LIFE,2026-02-24 17:27,6353,61,4,https://i.ytimg.com/vi/fTSHHVJ1pd0/hqdefault.jpg,2026-02-25 16:10
3,57,iIbWun_BIPA,"김희정, 박진희의 아들을 후계자로 올리겠다는 최재성에 분노 폭발! [붉은 진주] | KBS 260224 방송",KBS Drama,2026-02-24 20:42,16125,93,0,https://i.ytimg.com/vi/iIbWun_BIPA/hqdefault.jpg,2026-02-25 16:10
3,57,HNUl7JpWnpY,[1회 하이라이트] 사실은 불륜? 모든 진실을 알게 된 박진희 [붉은 진주] | KBS 260223 방송,KBS Drama,2026-02-23 20:57,82864,282,41,https://i.ytimg.com/vi/HNUl7JpWnpY/hqdefault.jpg,2026-02-25 16:10
3,58,BqDsvcIijIs,[선공개] 윤하&IVE 안유진 - 사건의 지평선 | 우쥬레코드,M2,2026-02-23 17:00,322755,10566,690,https://i.ytimg.com/vi/BqDsvcIijIs/hqdefault.jpg,2026-02-25 16:10
3,58,f8ymKHxUV_8,오늘 헤어졌어요,Younha - Topic,2016-01-23 02:18,20197050,44988,417,https://i.ytimg.com/vi/f8ymKHxUV_8/hqdefault.jpg,2026-02-25 16:10
3,59,8xb_P7ureNU,XG - ROCK THE BOAT (Official Music Video),XG,2026-02-22 20:00,1736424,153540,7494,https://i.ytimg.com/vi/8xb_P7ureNU/hqdefault.jpg,2026-02-25 16:10
3,59,8cEdndsuzSE,XG - GALA (Official Music Video),XG,2025-09-19 18:00,24176695,400300,19296,https://i.ytimg.com/vi/8cEdndsuzSE/hqdefault.jpg,2026-02-25 16:10
3,60,Tjcsm9N5grc,홍자(ホンジャ) – 시네마 천국(シネマ天国)｜현역가왕3 10회,MBN MUSIC,2026-02-25 02:03,38285,1261,555,https://i.ytimg.com/vi/Tjcsm9N5grc/hqdefault.jpg,2026-02-25 16:10
3,60,P-i89A6TMlo,충격! 벼랑 끝 홍자 또 똑같은 무대에 설운도 반응이?#shorts,엄마의노래방,2026-02-25 12:18,12711,370,21,https://i.ytimg.com/vi/P-i89A6TMlo/hqdefault.jpg,2026-02-25 16:10
3,60,oYPHdmIM--o,홍자 - 시네마 천국｜현역가왕3 10회 260224 방송｜CReAstudio,트롯가왕,2026-02-25 00:19,31883,1151,563,https://i.ytimg.com/vi/oYPHdmIM--o/hqdefault.jpg,2026-02-25 16:10
3,61,-C8MhDDI8AA,[아너] 증거 넘기라며 동료에게 실탄 장전한 형사의 정체 | EP.08,스튜디오지니,2026-02-24 23:11,26551,187,22,https://i.ytimg.com/vi/-C8MhDDI8AA/hqdefault.jpg,2026-02-25 16:10
3,61,NAwdYOEYhG8,"[아너] ""수사 기관의 빠른 수사를 촉구합니다"" 생방송에서 ㅅㅁㅁ 어플을 폭로한 이나영 | EP.08",스튜디오지니,2026-02-24 23:08,12037,79,5,https://i.ytimg.com/vi/NAwdYOEYhG8/hqdefault.jpg,2026-02-25 16:10
3,61,cvyDCbAKTOM,[9회 예고] 온 국민이 경악한 성매매 어플 스캔들 그리고 움직이는 사건의 진짜 배후 #아너,ENA DRAMA,2026-02-24 23:15,14634,79,5,https://i.ytimg.com/vi/cvyDCbAKTOM/hqdefault.jpg,2026-02-25 16:10
3,62,gYUjtw_Z7E8,"‘잠시 안녕’ 정동원, 오늘 해병대 입대…18개월 복무 후 제대 / 채널A / 뉴스TOP 10",채널A 뉴스TOP10,2026-02-23 19:02,67012,1542,253,https://i.ytimg.com/vi/gYUjtw_Z7E8/hqdefault.jpg,2026-02-25 16:10
3,62,7WZ2aojkb6U,"충격 단독! ""할아버지와 약속 지킵니다"" 정동원 해병대 간 진짜 이유",연예 뒤통령이진호,2026-02-23 18:30,27937,1856,290,https://i.ytimg.com/vi/7WZ2aojkb6U/hqdefault.jpg,2026-02-25 16:10
3,62,mT3Nrl526i0,"정동원, 달콤 보이스로 안방극장 접수…'육각형 아티스트' 존재감 입증",서울경제TV,2026-02-25 11:30,1060,328,16,https://i.ytimg.com/vi/mT3Nrl526i0/hqdefault.jpg,2026-02-25 16:10
4,63,wXEUE1cWfNU,"인천·경기 서남부 강풍경보 격상…""서 있기 힘들 정도"" / 연합뉴스TV (YonhapnewsTV)",연합뉴스TV,2026-01-10 15:11,45076,144,31,https://i.ytimg.com/vi/wXEUE1cWfNU/hqdefault.jpg,2026-02-25 16:10
4,63,jkFp4RQIeTU,전국에 강풍 경보·주의보...제보로 본 피해 상황 / YTN, YTN,2026-01-10 18:02,2964,16,0,https://i.ytimg.com/vi/jkFp4RQIeTU/hqdefault.jpg,2026-02-25 16:10
4,63,iad11uP0Bco,"""눈 걱정하다 바람에 날아가게 생겼음"" 수도권 전역 강풍주의보…순간풍속 시속 70㎞｜한파주의보 함께 내려지며 체감온도 낮아 [현장쏙] / 연합뉴스TV(YonhapnewsTV)",연합뉴스TV,2026-01-10 23:52,61842,269,2,https://i.ytimg.com/vi/iad11uP0Bco/hqdefault.jpg,2026-02-25 16:10
4,64,J0o0G_PuXNc,🔴[Trực Tiếp] Dự báo thời tiết hôm nay và ngày mai 26/2/2026 | dự báo thời tiết 3 ngày tới,Thời Tiết Hôm Nay,2026-02-25 12:55,1063,6,0,https://i.ytimg.com/vi/J0o0G_PuXNc/hqdefault_live.jpg,2026-02-25 16:10
4,64,O7PqNf56pWw,Dự báo thời tiết tối nay và ngày mai 25/2 | Dự báo thời tiết đêm nay mới nhất | Báo Nhân Dân,Báo Nhân Dân,2026-02-24 20:00,38543,175,1,https://i.ytimg.com/vi/O7PqNf56pWw/hqdefault.jpg,2026-02-25 16:10
4,64,lNFdXtZbneI,Dự báo thời tiết hôm nay và ngày mai 26/2/2026 | Dự báo thời tiết trong 3 ngày tới,Thời Tiết Hôm Nay,2026-02-25 06:30,4760,30,0,https://i.ytimg.com/vi/lNFdXtZbneI/hqdefault.jpg,2026-02-25 16:10
4,65,kjZ8k7po55Q,[날씨] 오늘 전국 눈·비…경상도 최대 10cm 폭설 / SBS,SBS 뉴스,2026-02-24 06:43,28290,290,66,https://i.ytimg.com/vi/kjZ8k7po55Q/hqdefault.jpg,2026-02-25 16:10
4,65,N1VLQByo9sY,[날씨] 오전부터 전국 눈·비…영남 강하고 많은 눈 / 연합뉴스TV (YonhapnewsTV),연합뉴스TV,2026-02-24 07:24,2767,67,7,https://i.ytimg.com/vi/N1VLQByo9sY/hqdefault.jpg,2026-02-25 16:10
4,65,_erJw9K6IEs,[날씨] 내일 건조함 달래줄 비·눈…영남 최고 10cm  폭설 [MBN 뉴스7],MBN News,2026-02-23 20:06,3780,68,9,https://i.ytimg.com/vi/_erJw9K6IEs/hqdefault.jpg,2026-02-25 16:10
4,66,cfg5tM31UHk,"'대설주의보' 대구·경북···내일 아침까지 눈, 비 | 대구MBC뉴스",대구MBC뉴스,2026-02-24 17:42,3299,20,2,https://i.ytimg.com/vi/cfg5tM31UHk/hqdefault.jpg,2026-02-25 16:10
4,66,pJAMTKPlJDM,[날씨] 전국 비나 눈…내륙 곳곳 대설특보 / 연합뉴스TV (YonhapnewsTV),연합뉴스TV,2026-02-24 16:17,7650,111,11,https://i.ytimg.com/vi/pJAMTKPlJDM/hqdefault.jpg,2026-02-25 16:10
4,66,cHELrUiFYOU,[날씨] 대구·경북 내일 새벽까지 눈·비…빙판길 주의! / KBS  2026.02.24.,KBS뉴스 대구경북,2026-02-24 20:14,2109,34,4,https://i.ytimg.com/vi/cHELrUiFYOU/hqdefault.jpg,2026-02-25 16:10
4,67,62eBt7P6UXI,"Prakiraan Cuaca Esok Hari, Rabu, 25 Februari 2026",Info BMKG,2026-02-24 16:26,12471,243,107,https://i.ytimg.com/vi/62eBt7P6UXI/hqdefault.jpg,2026-02-25 16:10
4,67,WbMwR-JUUPE,"WASPADA! PERINGATAN DINI CUACA EKSTREM BESOK RABU 25 FEBRUARI 2026, CEK WILAYAH ANDA",Tribunnews Manado,2026-02-24 19:51,19084,93,11,https://i.ytimg.com/vi/WbMwR-JUUPE/hqdefault.jpg,2026-02-25 16:10
4,67,nAFdwn3WEYM,"Peringatan Dini Cuaca Besok Minggu 22 Februari 2026, BMKG: Waspada Hujan Lebat & Angin Kencang",TribunJakarta Official,2026-02-21 20:43,55220,197,28,https://i.ytimg.com/vi/nAFdwn3WEYM/hqdefault.jpg,2026-02-25 16:10
4,68,kjZ8k7po55Q,[날씨] 오늘 전국 눈·비…경상도 최대 10cm 폭설 / SBS,SBS 뉴스,2026-02-24 06:43,28290,290,66,https://i.ytimg.com/vi/kjZ8k7po55Q/hqdefault.jpg,2026-02-25 16:10
4,68,vJCX7tz9V0A,[날씨] 내일(22일) 새벽~낮 전국 곳곳에 비…5mm 미만 / KBS  2026.02.21.,KBS News,2026-02-21 17:21,17051,247,11,https://i.ytimg.com/vi/vJCX7tz9V0A/hqdefault.jpg,2026-02-25 16:10
4,68,7vrg5P1CzD0,"[날씨] 밤까지 곳곳 눈비…내일 한낮 포근, 일교차 커 / 연합뉴스TV (YonhapnewsTV)",연합뉴스TV,2026-02-24 17:36,5321,126,6,https://i.ytimg.com/vi/7vrg5P1CzD0/hqdefault.jpg,2026-02-25 16:10
4,69,kjZ8k7po55Q,[날씨] 오늘 전국 눈·비…경상도 최대 10cm 폭설 / SBS,SBS 뉴스,2026-02-24 06:43,28290,290,66,https://i.ytimg.com/vi/kjZ8k7po55Q/hqdefault.jpg,2026-02-25 16:10
4,69,BqDtt_zqypc,[날씨] 봄 날씨 '성큼'…낮부터 전국 15도 안팎 / SBS,SBS 뉴스,2026-02-25 06:35,15540,204,42,https://i.ytimg.com/vi/BqDtt_zqypc/hqdefault.jpg,2026-02-25 16:10
4,69,g8t7NwkXUck,[날씨] 곳곳 빙판길 주의 …오전까지 내륙 짙은 안개 / 연합뉴스TV (YonhapnewsTV),연합뉴스TV,2026-02-25 05:47,7050,80,7,https://i.ytimg.com/vi/g8t7NwkXUck/hqdefault.jpg,2026-02-25 16:10
4,70,yvJAfT1u82I,2026년 1월 28일 (수) 오늘의 울산날씨,울산MBC뉴스,2026-01-28 08:28,682,0,0,https://i.ytimg.com/vi/yvJAfT1u82I/hqdefault.jpg,2026-02-25 16:10
4,70,EHRQZAIRpwE,2026년 2월 11일 (수) 오늘의 울산날씨,울산MBC뉴스,2026-02-11 08:59,577,0,0,https://i.ytimg.com/vi/EHRQZAIRpwE/hqdefault.jpg,2026-02-25 16:10
4,70,QoCCwWitxrU,2026년 1월 26일 (월) 오늘의 울산날씨,울산MBC뉴스,2026-01-26 08:47,5939,0,0,https://i.ytimg.com/vi/QoCCwWitxrU/hqdefault.jpg,2026-02-25 16:10
4,71,Ld9XRgk1zzI,【週間天気予報】次々と低気圧通過 雨のタイミングはいつ？ 渇水地域では恵みの雨,ウェザーニュース,2026-02-24 14:03,26892,231,10,https://i.ytimg.com/vi/Ld9XRgk1zzI/hqdefault.jpg,2026-02-25 16:10
4,71,jfgXczUJBfM,【週末天気予報】この先は2回雨のタイミングあり 天気の移り変わり早い一週間,ウェザーニュース,2026-02-25 13:35,3966,75,1,https://i.ytimg.com/vi/jfgXczUJBfM/hqdefault.jpg,2026-02-25 16:10
4,71,m551H_Vg2_o,【ライブ】最新天気ニュース・地震情報 2026年2月25日(水) ／広範囲で天気が崩れる　太平洋側は強雨や雷雨に注意〈ウェザーニュースLiVEアフタヌーン・駒木結衣／飯島栄一〉,ウェザーニュース,2026-02-24 17:42,8410,406,0,https://i.ytimg.com/vi/m551H_Vg2_o/hqdefault_live.jpg,2026-02-25 16:10
4,72,06pK9Ju9I9g,High Wind Warning Update ⚠️ #tweening #fyp,Daniel Plunges,2025-12-18 04:38,7418,251,50,https://i.ytimg.com/vi/06pK9Ju9I9g/hqdefault.jpg,2026-02-25 16:10
4,72,sfzNMV8oASo,"High Wind Warning for foothills, mountains Tuesday",9NEWS,2025-12-09 23:41,394,7,0,https://i.ytimg.com/vi/sfzNMV8oASo/hqdefault.jpg,2026-02-25 16:10
4,72,OA4-fUkzlCk,Met Office wind warning in Cornwall upgraded to red 'danger to life' alert,Sky News,2026-01-08 23:48,47093,249,111,https://i.ytimg.com/vi/OA4-fUkzlCk/hqdefault.jpg,2026-02-25 16:10
